Source Document,Target Document,Reference Type,Source Text,Target Section,Confidence,Act Name,Year,Section,Subsection,Rule Number,SRO Number,Circular Number,Context Before,Context After
01_income_tax_act_simulation.json,02_finance_act_simulation.json,act_reference,"অর্থ আইন, ২০২৪ (২০২৪ সনের ০৫ নং আইন) এর ৬ম ধারা",section_৬_subsection_০৫,1.000,অর্থ আইন,২০২৪,৬,০৫,,,,"র্তী বছরের ৩০ জুন পর্যন্ত সময়কাল যার হার ও বিধান","অনুযায়ী নির্ধারিত হইবে। ৩ 'করদাতা' অর্থ যেকোনো ব"
01_income_tax_act_simulation.json,02_finance_act_simulation.json,act_reference,"অর্থ আইন, ২০২৪ এর ৬ম ধারার উপ-ধারা (১)",section_৬_subsection_১,1.000,অর্থ আইন,২০২৪,৬,১,,,,"়ের উপর আয়কর ধার্য ও প্রদেয় হইবে। উক্ত করের হার","এ উল্লিখিত বিধান অনুসারে নির্ধারিত হইবে এবং এই আই"
01_income_tax_act_simulation.json,02_finance_act_simulation.json,act_reference,"অর্থ আইন, ২০২৪ এর ৬ম ধারায়",section_৬_subsection_২০২৪,1.000,অর্থ আইন,২০২৪,৬,২০২৪,,,,"িতে হইবে। ১ করযোগ্য আয়ের উপর কর ধার্যের ক্ষেত্রে","উল্লিখিত হার প্রযোজ্য হইবে এবং জাতীয় রাজস্ব বোর্"
01_income_tax_act_simulation.json,02_finance_act_simulation.json,act_reference,"অর্থ আইন, ২০২৪ এর ৬ম ধারার উপ-ধারা (২)",section_৬_subsection_২,1.000,অর্থ আইন,২০২৪,৬,২,,,,"়ী নির্ধারিত হইবে। ২০২৪-২৫ অর্থবছরের জন্য এই সীমা","অনুযায়ী নির্ধারিত এবং জাতীয় রাজস্ব বোর্ডের সাধা"
01_income_tax_act_simulation.json,02_finance_act_simulation.json,act_reference,"অর্থ আইন, ২০২৪ এর ৬ম ধারায়",section_৬_subsection_২০২৪,1.000,অর্থ আইন,২০২৪,৬,২০২৪,,,,"বং মহিলা করদাতার ক্ষেত্রে সাড়ে তিন লক্ষ টাকা, যা","স্পষ্টভাবে উল্লেখ রহিয়াছে। ২ প্রতিবন্ধী ব্যক্তিদ"
01_income_tax_act_simulation.json,02_finance_act_simulation.json,act_reference,"অর্থ আইন, ২০২৪ এর ৮ম ধারায়",section_৮_subsection_২০২৪,1.000,অর্থ আইন,২০২৪,৮,২০২৪,,,,"র্বনিম্ন কর প্রদান করিতে হইবে। সর্বনিম্ন করের হার","নির্ধারিত এবং পরিপত্র নং ১১/২০২৪ এ এ সংক্রান্ত বি"
01_income_tax_act_simulation.json,02_finance_act_simulation.json,act_reference,"অর্থ আইন, ২০২৪ এর ৮ম ধারার উপ-ধারা (১)",section_৮_subsection_১,1.000,অর্থ আইন,২০২৪,৮,১,,,,"ানির ক্ষেত্রে সর্বনিম্ন কর ২০২৪-২৫ অর্থবছরের জন্য","অনুযায়ী নির্ধারিত এবং পরিপত্র নং ১২/২০২৪ এ কোম্প"
01_income_tax_act_simulation.json,company_act_simulation.json,act_reference,"কোম্পানি আইন, ১৯৯৪ (১৯৯৪ সনের ১৮ নং আইন) এর অধীন",general_authority,1.000,কোম্পানি আইন,১৯৯৪,,,,,,"মে ভিন্ন কোনো অর্থ প্রকাশ পায়: ১ 'কোম্পানি' অর্থ","নিবন্ধিত যেকোনো কোম্পানি এবং এর আয় নির্ধারণে এই"
01_income_tax_act_simulation.json,06_tds_rules_simulation.json,rules_reference," ২০২৪ এর বিধান অনুযায়ী কর্তনের হার ও পদ্ধতি নির্ধারিত এবং জাতীয় রাজস্ব বোর্ডের পরিপত্র নং ০৯/২০২৪ এ এ সংক্রান্ত বিশেষ নির্দেশনা প্রদান করা হইয়াছে। ১ ঠিকাদারি কার্যক্রমের ক্ষেত্রে উৎসে কর কর্তন বিধিমালা, ২০২৪ এর ৩য় নিয়ম",rule_৩,0.900,,২০২৪,,,৩,,,"উৎসে কর কর্তন করিতে হইবে। উৎসে কর কর্তন বিধিমালা,","অনুযায়ী কর কর্তন করিতে হইবে এবং এসআরও নং ২৪১/২০২"
01_income_tax_act_simulation.json,06_tds_rules_simulation.json,rules_reference," অনুযায়ী কর কর্তন করিতে হইবে এবং এসআরও নং ২৪১/২০২৪ এ বর্ণিত বিশেষ ক্ষেত্রসমূহে অতিরিক্ত শর্ত প্রযোজ্য হইবে। ২ পেশাদার সেবার ক্ষেত্রে উৎসে কর কর্তন বিধিমালা, ২০২৪ এর ৪র্থ নিয়ম",rule_৪,0.900,,২০২৪,,,৪,,,"ক্ষেত্রে উৎসে কর কর্তন বিধিমালা, ২০২৪ এর ৩য় নিয়ম","প্রযোজ্য এবং উক্ত বিধিমালার ৫ম নিয়মে বর্ণিত ব্যত"
01_income_tax_act_simulation.json,04_sro_notification_simulation.json,sro_reference,"এসআরও নং ২৪১/২০২৪",sro_২৪১_২০২৪,1.000,,,,,,২৪১/২০২৪,,"০২৪ এর ৩য় নিয়ম অনুযায়ী কর কর্তন করিতে হইবে এবং","এ বর্ণিত বিশেষ ক্ষেত্রসমূহে অতিরিক্ত শর্ত প্রযোজ্"
01_income_tax_act_simulation.json,03_nbr_circular_simulation.json,circular_reference,"জাতীয় রাজস্ব বোর্ডের পরিপত্র নং ০৫/২০২৪",circular_০৫_২০২৪,0.900,,,,,,,০৫/২০২৪,"ব্যক্তি যার উপর এই আইন অনুযায়ী কর ধার্য হয় এবং","এ বর্ণিত বিশেষ বিধান সাপেক্ষে তাহার দায়বদ্ধতা নি"
01_income_tax_act_simulation.json,03_nbr_circular_simulation.json,circular_reference,"জাতীয় রাজস্ব বোর্ডের পরিপত্র নং ০৬/২০২৪",circular_০৬_২০২৪,0.900,,,,,,,০৬/২০২৪,"২০২৪ এর ৬ম ধারায় উল্লিখিত হার প্রযোজ্য হইবে এবং","এ বর্ণিত বিশেষ নির্দেশনা অনুসরণ করিতে হইবে। ২ কর"
01_income_tax_act_simulation.json,03_nbr_circular_simulation.json,circular_reference,"পরিপত্র নং ০৭/২০২৪",circular_০৭_২০২৪,0.900,,,,,,,০৭/২০২৪,"প্রতিবন্ধী ব্যক্তিদের ক্ষেত্রে বিশেষ করমুক্ত সীমা","এ বিস্তারিতভাবে বর্ণিত এবং উক্ত পরিপত্রে উল্লিখিত"
01_income_tax_act_simulation.json,03_nbr_circular_simulation.json,circular_reference,"জাতীয় রাজস্ব বোর্ডের পরিপত্র নং ০৯/২০২৪",circular_০৯_২০২৪,0.900,,,,,,,০৯/২০২৪,"বিধান অনুযায়ী কর্তনের হার ও পদ্ধতি নির্ধারিত এবং","এ এ সংক্রান্ত বিশেষ নির্দেশনা প্রদান করা হইয়াছে।"
01_income_tax_act_simulation.json,03_nbr_circular_simulation.json,circular_reference,"পরিপত্র নং ১০/২০২৪",circular_১০_২০২৪,0.900,,,,,,,১০/২০২৪,"র প্রথম তফসিলের ৩য় অংশে বিস্তারিতভাবে বর্ণিত এবং","এ এ সংক্রান্ত বাস্তবায়ন নির্দেশনা প্রদান করা হইয"
01_income_tax_act_simulation.json,03_nbr_circular_simulation.json,circular_reference,"পরিপত্র নং ১১/২০২৪",circular_১১_২০২৪,0.900,,,,,,,১১/২০২৪,"রের হার অর্থ আইন, ২০২৪ এর ৮ম ধারায় নির্ধারিত এবং","এ এ সংক্রান্ত বিশেষ নির্দেশনা প্রদান করা হইয়াছে।"
01_income_tax_act_simulation.json,03_nbr_circular_simulation.json,circular_reference,"পরিপত্র নং ১২/২০২৪",circular_১২_২০২৪,0.900,,,,,,,১২/২০২৪,"২৪ এর ৮ম ধারার উপ-ধারা (১) অনুযায়ী নির্ধারিত এবং","এ কোম্পানির ধরন অনুযায়ী বিভিন্ন হার উল্লেখ করা হ"
01_income_tax_act_simulation.json,03_nbr_circular_simulation.json,circular_reference,"পরিপত্র নং ১৩/২০২৪",circular_১৩_২০২৪,0.900,,,,,,,১৩/২০২৪,"্ধতি ও সময়সীমা এই আইনের তৃতীয় তফসিলে বর্ণিত এবং","এ আপিল সংক্রান্ত বিস্তারিত নির্দেশনা প্রদান করা হ"
01_income_tax_act_simulation.json,03_nbr_circular_simulation.json,circular_reference,"পরিপত্র নং ১৪/২০২৪",circular_১৪_২০২৪,0.900,,,,,,,১৪/২০২৪,"বৃদ্ধির বিধান রহিয়াছে। ২ আপিল নিষ্পত্তির পদ্ধতি","এ বিস্তারিতভাবে বর্ণিত এবং আয়কর অধ্যাদেশ, ১৯৮৪ এ"
01_income_tax_act_simulation.json,03_nbr_circular_simulation.json,circular_reference,"সাধারণ আদেশ নং ১৫/২০২৪",general_order_১৫_২০২৪,0.900,,,,,,,১৫/২০২৪,"এই আইনের দ্বিতীয় তফসিলের ২য় অংশে নির্ধারিত এবং","অনুসারে বিশেষ ক্ষেত্রে ভিন্ন হার প্রয়োগ করা যাইব"
01_income_tax_act_simulation.json,03_nbr_circular_simulation.json,circular_reference,"সাধারণ আদেশ নং ১৬/২০২৪",general_order_১৬_২০২৪,0.900,,,,,,,১৬/২০২৪,"তৃতীয় তফসিলের ১ম অংশে নির্ধারিত। বিশেষ ক্ষেত্রে","অনুসারে সময়সীমা বৃদ্ধির বিধান রহিয়াছে। ২ আপিল ন"
01_income_tax_act_simulation.json,05_tax_schedules_simulation.json,schedule_reference,"তৃতীয় তফসিলে",schedule_3,0.600,,,,,,,,"ধিত যেকোনো কোম্পানি এবং এর আয় নির্ধারণে এই আইনের","র বিধান প্রযোজ্য হইবে। ২ 'করবর্ষ' অর্থ ১ জুলাই হইত"
01_income_tax_act_simulation.json,05_tax_schedules_simulation.json,schedule_reference,"প্রথম তফসিলে",schedule_1,0.600,,,,,,,,"ল্লিখিত বিধান অনুসারে নির্ধারিত হইবে এবং এই আইনের","বর্ণিত স্ল্যাব অনুযায়ী প্রয়োগ করিতে হইবে। ১ করয"
01_income_tax_act_simulation.json,05_tax_schedules_simulation.json,schedule_reference,"প্রথম তফসিলে",schedule_1,0.600,,,,,,,,"া অনুসরণ করিতে হইবে। ২ কর অবকাশের বিষয়ে এই আইনের","র ১ম অংশে বর্ণিত বিধান প্রযোজ্য হইবে এবং বিশেষ ক্ষ"
01_income_tax_act_simulation.json,05_tax_schedules_simulation.json,schedule_reference,"প্রথম তফসিলে",schedule_1,0.600,,,,,,,,"জ্য হইবে। ৩ উৎসে কর কর্তনের হার ও পদ্ধতি এই আইনের","র ৩য় অংশে বিস্তারিতভাবে বর্ণিত এবং পরিপত্র নং ১০/"
01_income_tax_act_simulation.json,05_tax_schedules_simulation.json,schedule_reference,"দ্বিতীয় তফসিলে",schedule_2,0.600,,,,,,,,"তিগত করদাতার ক্ষেত্রে সর্বনিম্ন করের হার এই আইনের","র ২য় অংশে নির্ধারিত এবং সাধারণ আদেশ নং ১৫/২০২৪ অন"
01_income_tax_act_simulation.json,05_tax_schedules_simulation.json,schedule_reference,"তৃতীয় তফসিলে",schedule_3,0.600,,,,,,,,"নিকট করা যাইবে। আপিলের পদ্ধতি ও সময়সীমা এই আইনের","বর্ণিত এবং পরিপত্র নং ১৩/২০২৪ এ আপিল সংক্রান্ত বি"
01_income_tax_act_simulation.json,05_tax_schedules_simulation.json,schedule_reference,"তৃতীয় তফসিলে",schedule_3,0.600,,,,,,,,"াখিলের সময়সীমা ৬০ (ষাট) দিন এবং আপিল ফি এই আইনের","র ১ম অংশে নির্ধারিত। বিশেষ ক্ষেত্রে সাধারণ আদেশ নং"
01_income_tax_act_simulation.json,05_tax_schedules_simulation.json,schedule_reference,"এই আইনের তৃতীয় তফসিলে",schedule_3,0.600,,,,,,,,"ধীন নিবন্ধিত যেকোনো কোম্পানি এবং এর আয় নির্ধারণে","র বিধান প্রযোজ্য হইবে। ২ 'করবর্ষ' অর্থ ১ জুলাই হইত"
01_income_tax_act_simulation.json,05_tax_schedules_simulation.json,schedule_reference,"এই আইনের প্রথম তফসিলে",schedule_1,0.600,,,,,,,,"া (১) এ উল্লিখিত বিধান অনুসারে নির্ধারিত হইবে এবং","বর্ণিত স্ল্যাব অনুযায়ী প্রয়োগ করিতে হইবে। ১ করয"
01_income_tax_act_simulation.json,05_tax_schedules_simulation.json,schedule_reference,"এই আইনের প্রথম তফসিলে",schedule_1,0.600,,,,,,,,"নির্দেশনা অনুসরণ করিতে হইবে। ২ কর অবকাশের বিষয়ে","র ১ম অংশে বর্ণিত বিধান প্রযোজ্য হইবে এবং বিশেষ ক্ষ"
01_income_tax_act_simulation.json,05_tax_schedules_simulation.json,schedule_reference,"এই আইনের প্রথম তফসিলে",schedule_1,0.600,,,,,,,,"হার প্রযোজ্য হইবে। ৩ উৎসে কর কর্তনের হার ও পদ্ধতি","র ৩য় অংশে বিস্তারিতভাবে বর্ণিত এবং পরিপত্র নং ১০/"
01_income_tax_act_simulation.json,05_tax_schedules_simulation.json,schedule_reference,"এই আইনের দ্বিতীয় তফসিলে",schedule_2,0.600,,,,,,,,"। ২ ব্যক্তিগত করদাতার ক্ষেত্রে সর্বনিম্ন করের হার","র ২য় অংশে নির্ধারিত এবং সাধারণ আদেশ নং ১৫/২০২৪ অন"
01_income_tax_act_simulation.json,05_tax_schedules_simulation.json,schedule_reference,"এই আইনের তৃতীয় তফসিলে",schedule_3,0.600,,,,,,,,"তৃপক্ষের নিকট করা যাইবে। আপিলের পদ্ধতি ও সময়সীমা","বর্ণিত এবং পরিপত্র নং ১৩/২০২৪ এ আপিল সংক্রান্ত বি"
01_income_tax_act_simulation.json,05_tax_schedules_simulation.json,schedule_reference,"এই আইনের তৃতীয় তফসিলে",schedule_3,0.600,,,,,,,,"১ আপিল দাখিলের সময়সীমা ৬০ (ষাট) দিন এবং আপিল ফি","র ১ম অংশে নির্ধারিত। বিশেষ ক্ষেত্রে সাধারণ আদেশ নং"
01_income_tax_act_simulation.json,05_tax_schedules_simulation.json,schedule_reference,"তৃতীয় তফসিলের বিধান",schedule_3,0.600,,,,,,,,"ধিত যেকোনো কোম্পানি এবং এর আয় নির্ধারণে এই আইনের","প্রযোজ্য হইবে। ২ 'করবর্ষ' অর্থ ১ জুলাই হইতে পরবর্"
01_income_tax_act_simulation.json,ordinance_১৯৮৪_simulation.json,ordinance_reference," সম্পদ মূল্যায়ন ইত্যাদি বিষয়ে আপিল আয়কর কর্তৃপক্ষের নিকট করা যাইবে। আপিলের পদ্ধতি ও সময়সীমা এই আইনের তৃতীয় তফসিলে বর্ণিত এবং পরিপত্র নং ১৩/২০২৪ এ আপিল সংক্রান্ত বিস্তারিত নির্দেশনা প্রদান করা হইয়াছে। ১ আপিল দাখিলের সময়সীমা ৬০ (ষাট) দিন এবং আপিল ফি এই আইনের তৃতীয় তফসিলের ১ম অংশে নির্ধারিত। বিশেষ ক্ষেত্রে সাধারণ আদেশ নং ১৬/২০২৪ অনুসারে সময়সীমা বৃদ্ধির বিধান রহিয়াছে। ২ আপিল নিষ্পত্তির পদ্ধতি পরিপত্র নং ১৪/২০২৪ এ বিস্তারিতভাবে বর্ণিত এবং আয়কর অধ্যাদেশ, ১৯৮৪ এর ২৮৫ ধারায়",section_২৮৫,1.000,,১৯৮৪,২৮৫,,,,,"তৃপক্ষের নিকট আপিল করনির্ধারণী আদেশ, জরিমানা আরোপ,","বর্ণিত পদ্ধতি এই আইনের অধীনেও প্রযোজ্য থাকিবে। ২০"
02_finance_act_simulation.json,01_income_tax_act_simulation.json,act_reference,"আয়কর আইন, ২০২৩ এর ৮ম ধারায়",section_৮_subsection_২০২৩,1.000,আয়কর আইন,২০২৩,৮,২০২৩,,,,"ং প্রতিবন্ধী ব্যক্তিদের ক্ষেত্রে ৪,৫০,০০০ টাকা যা","বর্ণিত সাধারণ বিধানের সাথে সামঞ্জস্যপূর্ণ। ৩ কোম্"
02_finance_act_simulation.json,01_income_tax_act_simulation.json,act_reference,"আয়কর আইন, ২০২৩ এর ২য় ধারায়",section_২_subsection_২০২৩,1.000,আয়কর আইন,২০২৩,২,২০২৩,,,,"ওভারযুক্ত কোন ব্যক্তি বা প্রতিষ্ঠান যাহার নিবন্ধন","সংজ্ঞায়িত করদাতার শ্রেণী অনুসারে বাধ্যতামূলক।"" চ"
02_finance_act_simulation.json,06_tds_rules_simulation.json,rules_reference," নির্দিষ্ট ক্ষেত্রে উৎসে কর কর্তন করিতে হইবে এবং এসআরও নং ২৪১/২০২৪ এ বর্ণিত বিশেষ ক্ষেত্রে অতিরিক্ত শর্ত প্রযোজ্য হইবে।" ১ ঠিকাদারি কার্যক্রমের ক্ষেত্রে উৎসে কর কর্তনের হার ৭ শতাংশ এবং পেশাদার সেবার ক্ষেত্রে ১২ শতাংশ যা উৎসে কর কর্তন বিধিমালা, ২০২৪ এর ৩য় ও ৪র্থ নিয়ম",rule_৩_and_৪,0.900,,২০২৪,,,৩,,,"বং উৎসে কর কর্তন বিধিমালা, ২০২৪ এর বিধান সাপেক্ষে,","ে বিস্তারিতভাবে বর্ণিত। ২ অনাবাসী ব্যক্তির ক্ষেত্র"
02_finance_act_simulation.json,04_sro_notification_simulation.json,sro_reference,"এসআরও নং ২৪১/২০২৪",sro_২৪১_২০২৪,1.000,,,,,,২৪১/২০২৪,,", নির্দিষ্ট ক্ষেত্রে উৎসে কর কর্তন করিতে হইবে এবং","এ বর্ণিত বিশেষ ক্ষেত্রে অতিরিক্ত শর্ত প্রযোজ্য হই"
02_finance_act_simulation.json,04_sro_notification_simulation.json,sro_reference,"এসআরও নং ২৫০/২০২৪",sro_২৫০_২০২৪,1.000,,,,,,২৫০/২০২৪,,"ফসিলের অধীন আমদানি শুল্কের হার সংশোধন করা হইল এবং","এ এ সংক্রান্ত বিস্তারিত বিধান প্রদান করা হইয়াছে।"
02_finance_act_simulation.json,04_sro_notification_simulation.json,sro_reference,"এসআরও নং ২৫১/২০২৪",sro_২৫১_২০২৪,1.000,,,,,,২৫১/২০২৪,,"কের হার ১৫ শতাংশ এবং কাঁচামাল আমদানিতে ৫ শতাংশ যা","এ বিস্তারিতভাবে উল্লেখ রহিয়াছে। পঞ্চম অধ্যায় বি"
02_finance_act_simulation.json,03_nbr_circular_simulation.json,circular_reference,"জাতীয় রাজস্ব বোর্ডের পরিপত্র নং ০৬/২০২৪",circular_০৬_২০২৪,0.900,,,,,,,০৬/২০২৪,"০,০০০ টাকা পর্যন্ত আয়ের উপর ১০ শতাংশ; এবং এই হার","অনুসারে প্রয়োগ করিতে হইবে। ২ মহিলা করদাতার ক্ষেত"
02_finance_act_simulation.json,03_nbr_circular_simulation.json,circular_reference,"জাতীয় রাজস্ব বোর্ডের পরিপত্র নং ২০/২০২৪",circular_২০_২০২৪,0.900,,,,,,,২০/২০২৪,"ও বিধির প্রাসঙ্গিক অংশ রহিত বলিয়া গণ্য হইবে এবং","এ এ সংক্রান্ত ট্রানজিশন নির্দেশনা প্রদান করা হইয়"
02_finance_act_simulation.json,03_nbr_circular_simulation.json,circular_reference,"জাতীয় রাজস্ব বোর্ডের সাধারণ আদেশ নং ১৫/২০২৪",general_order_১৫_২০২৪,0.900,,,,,,,১৫/২০২৪,"ত্রে সর্বনিম্ন কর বার্ষিক আয়ের উপর ০.৫ শতাংশ এবং","অনুসারে বিশেষ ক্ষেত্রে ভিন্ন হার প্রযোজ্য হইবে। ত"
02_finance_act_simulation.json,03_nbr_circular_simulation.json,circular_reference,"সাধারণ আদেশ নং ২৫/২০২৪",general_order_২৫_২০২৪,0.900,,,,,,,২৫/২০২৪,"আয়কর আইন, ২০২৩ এর সাথে সঙ্গতিপূর্ণ হইতে হইবে এবং","অনুসারে প্রয়োজনীয় সংশোধনী আনয়ন করিতে হইবে। আয়"
02_finance_act_simulation.json,05_tax_schedules_simulation.json,schedule_reference,"তৃতীয় তফসিলে",schedule_3,0.600,,,,,,,,"ম্পানির ক্ষেত্রে ২২.৫ শতাংশ যা আয়কর আইন, ২০২৩ এর","বর্ণিত বিস্তারিত বিধানের সাথে সঙ্গতিপূর্ণ। ৭ আয়ক"
02_finance_act_simulation.json,05_tax_schedules_simulation.json,schedule_reference,"প্রথম তফসিলে",schedule_1,0.600,,,,,,,,"সে কর কর্তনের হার ৩০ শতাংশ এবং আয়কর আইন, ২০২৩ এর","র ৩য় অংশে বর্ণিত বিশেষ বিধান প্রযোজ্য হইবে। ৮ আয়"
02_finance_act_simulation.json,05_tax_schedules_simulation.json,schedule_reference,"দ্বিতীয় তফসিলে",schedule_2,0.600,,,,,,,,"উপর ০.১০ শতাংশ যেইটি বেশি এবং আয়কর আইন, ২০২৩ এর","র ২য় অংশে এ সংক্রান্ত বিস্তারিত বিধান রহিয়াছে। ২"
02_finance_act_simulation.json,05_tax_schedules_simulation.json,schedule_reference,"প্রথম তফসিলে",schedule_1,0.600,,,,,,,,"স আইন, ১৯৬৯ (East Pakistan Act No. IV of 1969) এর","র অধীন আমদানি শুল্কের হার সংশোধন করা হইল এবং এসআরও"
02_finance_act_simulation.json,05_tax_schedules_simulation.json,schedule_reference,"প্রথম তফসিলে",schedule_1,0.600,,,,,,,,"ন প্রদান করা হইয়াছে। উক্ত হার আয়কর আইন, ২০২৩ এর","র সাথে সামঞ্জস্য রাখিয়া নির্ধারিত। ১ যন্ত্রপাতি আ"
03_nbr_circular_simulation.json,01_income_tax_act_simulation.json,act_reference,"আয়কর আইন, ২০২৩ (২০২৩ সনের ১২ নং আইন) এর ২য় ধারায়",section_২_subsection_১২,1.000,আয়কর আইন,২০২৩,২,১২,,,,"/২০২ৄ করদাতা শ্রেণীবিভাগ ও বিশেষ বিধান ২০২৪-০৭-০১","সংজ্ঞায়িত করদাতার শ্রেণীবিভাগ এবং অর্থ আইন, ২০২৪"
03_nbr_circular_simulation.json,02_finance_act_simulation.json,act_reference,"অর্থ আইন, ২০২৪ (২০২৪ সনের ০৫ নং আইন) এর ৬ম ধারায়",section_৬_subsection_০৫,1.000,অর্থ আইন,২০২৪,৬,০৫,,,,"এর ২য় ধারায় সংজ্ঞায়িত করদাতার শ্রেণীবিভাগ এবং","নির্ধারিত বিশেষ বিধান বাস্তবায়নের জন্য নিম্নলিখি"
03_nbr_circular_simulation.json,01_income_tax_act_simulation.json,act_reference,"আয়কর আইন, ২০২৩ এর ২য় ধারার উপ-ধারা (১)",section_২_subsection_১,1.000,আয়কর আইন,২০২৩,২,১,,,,"্নলিখিত নির্দেশনা প্রদান করা হইল: ১ সাধারণ করদাতা","অনুযায়ী সংজ্ঞায়িত সাধারণ করদাতার ক্ষেত্রে অর্থ"
03_nbr_circular_simulation.json,02_finance_act_simulation.json,act_reference,"অর্থ আইন, ২০২৪ এর ৬ম ধারার উপ-ধারা (১)",section_৬_subsection_১,1.000,অর্থ আইন,২০২৪,৬,১,,,,"া (১) অনুযায়ী সংজ্ঞায়িত সাধারণ করদাতার ক্ষেত্রে","এ উল্লিখিত হার প্রযোজ্য হইবে। বিশেষত: (ক) বার্ষিক"
03_nbr_circular_simulation.json,02_finance_act_simulation.json,act_reference,"অর্থ আইন, ২০২৪ এর ৬ম ধারার উপ-ধারা (২)",section_৬_subsection_২,1.000,অর্থ আইন,২০২৪,৬,২,,,,"্ণিত স্ল্যাব অনুযায়ী কর প্রযোজ্য। ২ মহিলা করদাতা","অনুযায়ী মহিলা করদাতার ক্ষেত্রে করমুক্ত আয়ের সীম"
03_nbr_circular_simulation.json,01_income_tax_act_simulation.json,act_reference,"আয়কর আইন, ২০২৩ এর ৮ম ধারায়",section_৮_subsection_২০২৩,1.000,আয়কর আইন,২০২৩,৮,২০২৩,,,,"ার ক্ষেত্রে করমুক্ত আয়ের সীমা ৩.৫০ লক্ষ টাকা এবং","বর্ণিত অন্যান্য বিধান প্রযোজ্য থাকিবে। উক্ত সীমার"
03_nbr_circular_simulation.json,01_income_tax_act_simulation.json,act_reference,"আয়কর আইন, ২০২৩ এর ৮৫ম ধারায়",section_৮৫_subsection_২০২৩,1.000,আয়কর আইন,২০২৩,৮৫,২০২৩,,,,"াধারণ হার প্রযোজ্য হইবে। ৩ বিশেষ ক্ষেত্রে প্রয়োগ","উল্লিখিত উৎসে কর কর্তনের ক্ষেত্রে এই পরিপত্রের বি"
03_nbr_circular_simulation.json,02_finance_act_simulation.json,act_reference,"অর্থ আইন, ২০২৪ এর ৬ম ধারায়",section_৬_subsection_২০২৪,1.000,অর্থ আইন,২০২৪,৬,২০২৪,,,,"। ০৬/২০২৪ আয়কর হার প্রয়োগ নির্দেশিকা ২০২৪-০৭-০৫","নির্ধারিত আয়করের হার এবং আয়কর আইন, ২০২৩ এর ৫ম ধ"
03_nbr_circular_simulation.json,01_income_tax_act_simulation.json,act_reference,"আয়কর আইন, ২০২৩ এর ৫ম ধারায়",section_৫_subsection_২০২৩,1.000,আয়কর আইন,২০২৩,৫,২০২৩,,,,"আইন, ২০২৪ এর ৬ম ধারায় নির্ধারিত আয়করের হার এবং","বর্ণিত মূল অধিকরণের সাথে সামঞ্জস্য রাখিয়া নিম্নল"
03_nbr_circular_simulation.json,02_finance_act_simulation.json,act_reference,"অর্থ আইন, ২০২৪ এর ৬ম ধারার উপ-ধারা (১)",section_৬_subsection_১,1.000,অর্থ আইন,২০২৪,৬,১,,,,"়কর আইন, ২০২৩ এর প্রথম তফসিলে উল্লিখিত কর স্ল্যাব","অনুযায়ী সংশোধিত হইয়াছে। (ক) প্রথম ৩ লক্ষ টাকা -"
03_nbr_circular_simulation.json,01_income_tax_act_simulation.json,act_reference,"আয়কর আইন, ২০২৩ এর ৮৫ম ধারায়",section_৮৫_subsection_২০২৩,1.000,আয়কর আইন,২০২৩,৮৫,২০২৩,,,,"- ২০%; (চ) এর অধিক - ২৫%। ২ উৎসে কর কর্তন সমন্বয়","বর্ণিত উৎসে কর কর্তনের ক্ষেত্রে উৎসে কর কর্তন বিধ"
03_nbr_circular_simulation.json,01_income_tax_act_simulation.json,act_reference,"আয়কর আইন, ২০২৩ এর ১৬৩তম ধারায়",section_১৬৩_subsection_২০২৩,1.000,আয়কর আইন,২০২৩,১৬৩,২০২৩,,,,"র সময় সমন্বয় করিতে হইবে। ৩ সর্বনিম্ন কর বিবেচনা","বর্ণিত সর্বনিম্ন কর এবং অর্থ আইন, ২০২৪ এর ৮ম ধারা"
03_nbr_circular_simulation.json,02_finance_act_simulation.json,act_reference,"অর্থ আইন, ২০২৪ এর ৮ম ধারায়",section_৮_subsection_২০২৪,1.000,অর্থ আইন,২০২৪,৮,২০২৪,,,,"আইন, ২০২৩ এর ১৬৩তম ধারায় বর্ণিত সর্বনিম্ন কর এবং","নির্ধারিত নতুন হার প্রয়োগের ক্ষেত্রে পরিপত্র নং"
03_nbr_circular_simulation.json,01_income_tax_act_simulation.json,act_reference,"আয়কর আইন, ২০২৩ এর ৮ম ধারায়",section_৮_subsection_২০২৩,1.000,আয়কর আইন,২০২৩,৮,২০২৩,,,,"০২৪ প্রতিবন্ধী ব্যক্তিদের করমুক্ত সীমা ২০২৪-০৭-১০","বর্ণিত করমুক্ত আয়ের সীমা এবং অর্থ আইন, ২০২৪ এর ৬"
03_nbr_circular_simulation.json,02_finance_act_simulation.json,act_reference,"অর্থ আইন, ২০২৪ এর ৬ম ধারার উপ-ধারা (২)",section_৬_subsection_২,1.000,অর্থ আইন,২০২৪,৬,২,,,,", ২০২৩ এর ৮ম ধারায় বর্ণিত করমুক্ত আয়ের সীমা এবং","এ প্রতিবন্ধী ব্যক্তিদের জন্য বিশেষ বিধান সংক্রান্"
03_nbr_circular_simulation.json,01_income_tax_act_simulation.json,act_reference,"আয়কর আইন, ২০২৩ এর ২য় ধারায়",section_২_subsection_২০২৩,1.000,আয়কর আইন,২০২৩,২,২০২৩,,,,"ব্যক্তি যাহার প্রতিবন্ধিত্বের হার কমপক্ষে ৫০% এবং","সংজ্ঞায়িত করদাতার আওতাভুক্ত। ২ করমুক্ত সীমা অর্থ"
03_nbr_circular_simulation.json,02_finance_act_simulation.json,act_reference,"অর্থ আইন, ২০২৪ এর ৬ম ধারার উপ-ধারা (২)",section_৬_subsection_২,1.000,অর্থ আইন,২০২৪,৬,২,,,,"রায় সংজ্ঞায়িত করদাতার আওতাভুক্ত। ২ করমুক্ত সীমা","অনুযায়ী প্রতিবন্ধী ব্যক্তিদের করমুক্ত আয়ের সীমা"
03_nbr_circular_simulation.json,01_income_tax_act_simulation.json,act_reference,"আয়কর আইন, ২০২৩ এর ২৮৬তম ধারায়",section_২৮৬_subsection_২০২৩,1.000,আয়কর আইন,২০২৩,২৮৬,২০২৩,,,,"িকেল বোর্ড কর্তৃক প্রদত্ত প্রতিবন্ধিত্বের সনদ এবং","বর্ণিত অন্যান্য প্রয়োজনীয় কাগজপত্র দাখিল করিতে"
03_nbr_circular_simulation.json,01_income_tax_act_simulation.json,act_reference,"আয়কর আইন, ২০২৩ এর ২৮৬তম ধারায়",section_২৮৬_subsection_২০২৩,1.000,আয়কর আইন,২০২৩,২৮৬,২০২৩,,,,"্যপূর্ণ। ০৮/২০২৪ আপিল নিষ্পত্তি পদ্ধতি ২০২৪-০৭-১৫","বর্ণিত আপিল পদ্ধতি এবং উক্ত আইনের তৃতীয় তফসিলে ন"
03_nbr_circular_simulation.json,01_income_tax_act_simulation.json,act_reference,"আয়কর আইন, ২০২৩ এর ২৮৬তম ধারা",section_২৮৬_subsection_২০২৩,1.000,আয়কর আইন,২০২৩,২৮৬,২০২৩,,,,"নিম্নলিখিত নির্দেশনা প্রদান করা হইল: ১ আপিল দাখিল","অনুযায়ী আপিল দাখিলের সময়সীমা ৬০ দিন এবং উক্ত আই"
03_nbr_circular_simulation.json,01_income_tax_act_simulation.json,act_reference,"আয়কর আইন, ২০২৩ এর ৮৫তম ধারায়",section_৮৫_subsection_২০২৩,1.000,আয়কর আইন,২০২৩,৮৫,২০২৩,,,,"০৯/২০২৪ উৎসে কর কর্তন বিশেষ নির্দেশনা ২০২৪-০৭-২০","বর্ণিত উৎসে কর কর্তন এবং উৎসে কর কর্তন বিধিমালা,"
03_nbr_circular_simulation.json,01_income_tax_act_simulation.json,act_reference,"আয়কর আইন, ২০২৩ এর ৮ম ধারায়",section_৮_subsection_২০২৩,1.000,আয়কর আইন,২০২৩,৮,২০২৩,,,,"বেন। ১২/২০২৪ করমুক্ত সীমা প্রয়োগ বিধি ২০২৪-০৭-০৮","বর্ণিত করমুক্ত আয়ের সীমা এবং অর্থ আইন, ২০২৪ এর ৬"
03_nbr_circular_simulation.json,02_finance_act_simulation.json,act_reference,"অর্থ আইন, ২০২৪ এর ৬ম ধারার উপ-ধারা (২)",section_৬_subsection_২,1.000,অর্থ আইন,২০২৪,৬,২,,,,", ২০২৩ এর ৮ম ধারায় বর্ণিত করমুক্ত আয়ের সীমা এবং","অনুযায়ী নির্ধারিত বিশেষ সীমা প্রয়োগের ক্ষেত্রে"
03_nbr_circular_simulation.json,01_income_tax_act_simulation.json,act_reference,"আয়কর আইন, ২০২৩ এর ৫ম ধারায়",section_৫_subsection_২০২৩,1.000,আয়কর আইন,২০২৩,৫,২০২৩,,,,"নুসরণ করিবেন: (১) বার্ষিক আয় নির্ধারণের ক্ষেত্রে","বর্ণিত পদ্ধতি অনুসরণ; (২) বিশেষ ক্ষেত্রে পরিপত্র"
03_nbr_circular_simulation.json,01_income_tax_act_simulation.json,act_reference,"আয়কর আইন, ২০২৩ এর ১৬৩তম ধারায়",section_১৬৩_subsection_২০২৩,1.000,আয়কর আইন,২০২৩,১৬৩,২০২৩,,,,"়োগ। ১৫/২০২৪ সর্বনিম্ন কর প্রয়োগ নীতি ২০২৪-০৭-২৫","বর্ণিত সর্বনিম্ন কর এবং অর্থ আইন, ২০২৪ এর ৮ম ধারা"
03_nbr_circular_simulation.json,02_finance_act_simulation.json,act_reference,"অর্থ আইন, ২০২৪ এর ৮ম ধারায়",section_৮_subsection_২০২৪,1.000,অর্থ আইন,২০২৪,৮,২০২৪,,,,"আইন, ২০২৩ এর ১৬৩তম ধারায় বর্ণিত সর্বনিম্ন কর এবং","নির্ধারিত নতুন হার প্রয়োগের ক্ষেত্রে নিম্নলিখিত"
03_nbr_circular_simulation.json,01_income_tax_act_simulation.json,act_reference,"আয়কর আইন, ২০২৩ এর ২৮৬তম ধারায়",section_২৮৬_subsection_২০২৩,1.000,আয়কর আইন,২০২৩,২৮৬,২০২৩,,,,"া অনুসরণ। ১৬/২০২৪ আপিল সময়সীমা বৃদ্ধি ২০২৪-০৮-০১","বর্ণিত আপিল দাখিলের সময়সীমা এবং উক্ত আইনের তৃতীয"
03_nbr_circular_simulation.json,06_tds_rules_simulation.json,rules_reference," ২০২৩ এর ৮৫ম ধারায় বর্ণিত উৎসে কর কর্তনের ক্ষেত্রে উৎসে কর কর্তন বিধিমালা, ২০২৪ এর ৩য় ও ৪র্থ নিয়ম",rule_৩_and_৪,1.000,,২০২৪,,,৩,,,"এর অধিক - ২৫%। ২ উৎসে কর কর্তন সমন্বয় আয়কর আইন,","অনুযায়ী কর্তিত কর চূড়ান্ত আয়কর নির্ধারণের সময়"
03_nbr_circular_simulation.json,06_tds_rules_simulation.json,rules_reference," ২০২৪ এর বিধান বাস্তবায়নের জন্য নিম্নলিখিত বিশেষ নির্দেশনা প্রদান করা হইল: ১ কর্তনের ক্ষেত্র উৎসে কর কর্তন বিধিমালা, ২০২৪ এর ৩য় নিয়ম",rule_৩,0.800,,২০২৪,,,৩,,,"় বর্ণিত উৎসে কর কর্তন এবং উৎসে কর কর্তন বিধিমালা,","অনুযায়ী ঠিকাদারি কার্যক্রম এবং ৪র্থ নিয়ম অনুযায"
03_nbr_circular_simulation.json,04_sro_notification_simulation.json,sro_reference,"এসআরও নং ২৩৫/২০২৪",sro_২৩৫_২০২৪,1.000,,,,,,২৩৫/২০২৪,,"কর্তনের ক্ষেত্রে এই পরিপত্রের বিধান প্রযোজ্য এবং","এ বর্ণিত বিশেষ ক্ষেত্রে অতিরিক্ত সুবিধা প্রদান কর"
03_nbr_circular_simulation.json,04_sro_notification_simulation.json,sro_reference,"এসআরও নং ২৪১/২০২৪",sro_২৪১_২০২৪,1.000,,,,,,২৪১/২০২৪,,"ার ক্ষেত্রে কর কর্তন বাধ্যতামূলক। ২ বিশেষ ক্ষেত্র","এ বর্ণিত বিশেষ ক্ষেত্রে অতিরিক্ত শর্ত প্রযোজ্য এব"
03_nbr_circular_simulation.json,04_sro_notification_simulation.json,sro_reference,"এসআরও নং ২৪০/২০২৪",sro_২৪০_২০২৪,1.000,,,,,,২৪০/২০২৪,,"ে বর্ণিত বিশেষ বিধান প্রযোজ্য; (৩) বিশেষ ক্ষেত্রে","এর নির্দেশনা অনুসরণ। ১৬/২০২৪ আপিল সময়সীমা বৃদ্ধি"
03_nbr_circular_simulation.json,03_nbr_circular_simulation.json,circular_reference,"পরিপত্র নং ১২/২০২৪",circular_১২_২০২৪,0.900,,,,,,,১২/২০২৪,"র ৮ম ধারায় নির্ধারিত নতুন হার প্রয়োগের ক্ষেত্রে","এর নির্দেশনা অনুসরণ করিতে হইবে। সকল কর কর্মকর্তা"
03_nbr_circular_simulation.json,03_nbr_circular_simulation.json,circular_reference,"পরিপত্র নং ০৫/২০২৪",circular_০৫_২০২৪,0.900,,,,,,,০৫/২০২৪,"ম ধারায় বর্ণিত পদ্ধতি অনুসরণ; (২) বিশেষ ক্ষেত্রে",", ০৬/২০২৪ ও ০৭/২০২৪ এর নির্দেশনা প্রয়োগ। ১৫/২০২৪"
03_nbr_circular_simulation.json,03_nbr_circular_simulation.json,circular_reference,"পরিপত্র নং ০৮/২০২৪",circular_০৮_২০২৪,0.900,,,,,,,০৮/২০২৪,"(২) চিকিৎসা জনিত কারণে সনদসহ অতিরিক্ত ৩০ দিন; (৩)","এর সাথে সামঞ্জস্য রাখিয়া প্রয়োগ। আয়কর আইন, ২০২"
03_nbr_circular_simulation.json,05_tax_schedules_simulation.json,schedule_reference,"প্রথম তফসিলে",schedule_1,0.600,,,,,,,,"কর; (গ) এর অধিক আয়ের ক্ষেত্রে আয়কর আইন, ২০২৩ এর","বর্ণিত স্ল্যাব অনুযায়ী কর প্রযোজ্য। ২ মহিলা করদা"
03_nbr_circular_simulation.json,05_tax_schedules_simulation.json,schedule_reference,"প্রথম তফসিলে",schedule_1,0.600,,,,,,,,"করা হইল: ১ কর স্ল্যাব প্রয়োগ আয়কর আইন, ২০২৩ এর","উল্লিখিত কর স্ল্যাব অর্থ আইন, ২০২৪ এর ৬ম ধারার উপ"
03_nbr_circular_simulation.json,05_tax_schedules_simulation.json,schedule_reference,"প্রথম তফসিলে",schedule_1,0.600,,,,,,,,"আয়ের সীমা ৪.৫০ লক্ষ টাকা এবং আয়কর আইন, ২০২৩ এর","বর্ণিত অন্যান্য সুবিধাও প্রযোজ্য থাকিবে। ৩ প্রয়ো"
03_nbr_circular_simulation.json,05_tax_schedules_simulation.json,schedule_reference,"তৃতীয় তফসিলে",schedule_3,0.600,,,,,,,,"এর ২৮৬তম ধারায় বর্ণিত আপিল পদ্ধতি এবং উক্ত আইনের","নির্ধারিত সময়সীমা ও ফি সংক্রান্ত নিম্নলিখিত নির্"
03_nbr_circular_simulation.json,05_tax_schedules_simulation.json,schedule_reference,"তৃতীয় তফসিলে",schedule_3,0.600,,,,,,,,"যায়ী আপিল দাখিলের সময়সীমা ৬০ দিন এবং উক্ত আইনের","র ১ম অংশে নির্ধারিত ফি প্রদান করিতে হইবে। ২ আপিল ন"
03_nbr_circular_simulation.json,05_tax_schedules_simulation.json,schedule_reference,"প্রথম তফসিলে",schedule_1,0.600,,,,,,,,"্রে অতিরিক্ত শর্ত প্রযোজ্য এবং আয়কর আইন, ২০২৩ এর","র ৩য় অংশে বর্ণিত হার অনুযায়ী কর কর্তন করিতে হইবে"
03_nbr_circular_simulation.json,05_tax_schedules_simulation.json,schedule_reference,"দ্বিতীয় তফসিলে",schedule_2,0.600,,,,,,,,"ষেত্রে বার্ষিক আয়ের ০.৫%; (২) আয়কর আইন, ২০২৩ এর","র ২য় অংশে বর্ণিত বিশেষ বিধান প্রযোজ্য; (৩) বিশেষ"
03_nbr_circular_simulation.json,05_tax_schedules_simulation.json,schedule_reference,"তৃতীয় তফসিলে",schedule_3,0.600,,,,,,,,"ারায় বর্ণিত আপিল দাখিলের সময়সীমা এবং উক্ত আইনের","র ১ম অংশে নির্ধারিত ৬০ দিনের সময়সীমা বিশেষ ক্ষেত্"
03_nbr_circular_simulation.json,ordinance_১৯৮৪_simulation.json,ordinance_reference," ২০২৩ এর ২৮৬তম ধারা অনুযায়ী আপিল দাখিলের সময়সীমা ৬০ দিন এবং উক্ত আইনের তৃতীয় তফসিলের ১ম অংশে নির্ধারিত ফি প্রদান করিতে হইবে। ২ আপিল নিষ্পত্তি আপিল নিষ্পত্তির ক্ষেত্রে আয়কর অধ্যাদেশ, ১৯৮৪ এর ২৮৫ ধারায়",section_২৮৫,1.000,,১৯৮৪,২৮৫,,,,,"নির্দেশনা প্রদান করা হইল: ১ আপিল দাখিল আয়কর আইন,","বর্ণিত পদ্ধতি অনুসরণ করিতে হইবে এবং আয়কর আইন, ২০"
04_sro_notification_simulation.json,01_income_tax_act_simulation.json,act_reference,"আয়কর আইন, ২০২৩ এর ৫ম ধারার উপ-ধারা (২)",section_৫_subsection_২,1.000,আয়কর আইন,২০২৩,৫,২,,,,"অবকাশ ও বিশেষ সুবিধা প্রদান ২০২৪-০৭-০৩ ২০২৪-০৭-০১","এবং অর্থ আইন, ২০২৪ এর ৬ম ধারা প্রদত্ত ক্ষমতাবলে জ"
04_sro_notification_simulation.json,02_finance_act_simulation.json,act_reference,"অর্থ আইন, ২০২৪ এর ৬ম ধারা",section_৬_subsection_২০২৪,1.000,অর্থ আইন,২০২৪,৬,২০২৪,,,,"০৭-০১ আয়কর আইন, ২০২৩ এর ৫ম ধারার উপ-ধারা (২) এবং","প্রদত্ত ক্ষমতাবলে জনস্বার্থে এবং বিনিয়োগ উৎসাহিত"
04_sro_notification_simulation.json,01_income_tax_act_simulation.json,act_reference,"আয়কর আইন, ২০২৩ এর ৫ম ধারায়",section_৫_subsection_২০২৩,1.000,আয়কর আইন,২০২৩,৫,২০২৩,,,,"বলে জনস্বার্থে এবং বিনিয়োগ উৎসাহিত করার লক্ষ্যে,","বর্ণিত মূল অধিকরণ এবং উক্ত আইনের প্রথম তফসিলে বর্"
04_sro_notification_simulation.json,02_finance_act_simulation.json,act_reference,"অর্থ আইন, ২০২৪ এর ৬ম ধারার উপ-ধারা (৩)",section_৬_subsection_৩,1.000,অর্থ আইন,২০২৪,৬,৩,,,,"নবায়নযোগ্য জ্বালানি প্রকল্পে বিনিয়োগের ক্ষেত্রে","অনুযায়ী ১০০% কর অবকাশ প্রথম ৫ বছরের জন্য প্রদান"
04_sro_notification_simulation.json,01_income_tax_act_simulation.json,act_reference,"আয়কর আইন, ২০২৩ এর ৮৫তম ধারায়",section_৮৫_subsection_২০২৩,1.000,আয়কর আইন,২০২৩,৮৫,২০২৩,,,,"% কর অবকাশ প্রথম ৫ বছরের জন্য প্রদান করা হইবে এবং","বর্ণিত উৎসে কর কর্তন হইতেও অব্যাহতি প্রদান করা হই"
04_sro_notification_simulation.json,01_income_tax_act_simulation.json,act_reference,"আয়কর আইন, ২০২৩ এর ৫ম ধারায়",section_৫_subsection_২০২৩,1.000,আয়কর আইন,২০২৩,৫,২০২৩,,,,"ান করা হইবে। ৩ রপ্তানি আয় রপ্তানি আয়ের ক্ষেত্রে","বর্ণিত সাধারণ কর ধার্যের পরিবর্তে ৫০% হ্রাসকৃত হা"
04_sro_notification_simulation.json,01_income_tax_act_simulation.json,act_reference,"আয়কর আইন, ২০২৩ এর ২৮৬তম ধারায়",section_২৮৬_subsection_২০২৩,1.000,আয়কর আইন,২০২৩,২৮৬,২০২৩,,,,"ষ বিধান অনুসরণ করিতে হইবে। এই সুবিধা গ্রহণের জন্য","বর্ণিত পদ্ধতি অনুসরণ করিয়া প্রয়োজনীয় আবেদন দাখ"
04_sro_notification_simulation.json,02_finance_act_simulation.json,act_reference,"অর্থ আইন, ২০২৪ এর ২৫তম ধারায়",section_২৫_subsection_২০২৪,1.000,অর্থ আইন,২০২৪,২৫,২০২৪,,,,"নং ০৬/২০২৪ এ বর্ণিত নির্দেশনা অনুসরণ করিতে হইবে।","বর্ণিত সাধারণ শর্তাবলী প্রযোজ্য থাকিবে। এই এসআরও"
04_sro_notification_simulation.json,01_income_tax_act_simulation.json,act_reference,"আয়কর আইন, ২০২৩ এর ৮৫তম ধারা",section_৮৫_subsection_২০২৩,1.000,আয়কর আইন,২০২৩,৮৫,২০২৩,,,,"কর কর্তন বিশেষ ক্ষেত্রসমূহ ২০২৪-০৭-১২ ২০২৪-০৭-০১","এবং উৎসে কর কর্তন বিধিমালা, ২০২৪ প্রদত্ত ক্ষমতাবল"
04_sro_notification_simulation.json,01_income_tax_act_simulation.json,act_reference,"আয়কর আইন, ২০২৩ এর ৮৫তম ধারায়",section_৮৫_subsection_২০২৩,1.000,আয়কর আইন,২০২৩,৮৫,২০২৩,,,,"বং উৎসে কর কর্তন বিধিমালা, ২০২৪ প্রদত্ত ক্ষমতাবলে","বর্ণিত উৎসে কর কর্তন এবং উৎসে কর কর্তন বিধিমালা,"
04_sro_notification_simulation.json,02_finance_act_simulation.json,act_reference,"অর্থ আইন, ২০২৪ এর ৭ম ধারার উপ-ধারা (২)",section_৭_subsection_২,1.000,অর্থ আইন,২০২৪,৭,২,,,,"১২% এর পরিবর্তে ১৫% হারে কর কর্তন করিতে হইবে এবং","এ বর্ণিত বিশেষ শর্তাবলী প্রযোজ্য থাকিবে। ৩ অনাবাস"
04_sro_notification_simulation.json,01_income_tax_act_simulation.json,act_reference,"আয়কর আইন, ২০২৩ এর ৮৫তম ধারার উপ-ধারা (৩)",section_৮৫_subsection_৩,1.000,আয়কর আইন,২০২৩,৮৫,৩,,,,"াসী কর্তন অনাবাসী ব্যক্তি ও প্রতিষ্ঠানের ক্ষেত্রে","অনুযায়ী ৩০% হারে উৎসে কর কর্তন করিতে হইবে এবং উক"
04_sro_notification_simulation.json,01_income_tax_act_simulation.json,act_reference,"আয়কর আইন, ২০২৩ এর ১৬৩তম ধারায়",section_১৬৩_subsection_২০২৩,1.000,আয়কর আইন,২০২৩,১৬৩,২০২৩,,,,"/২০২৪ এ বর্ণিত বিশেষ ক্ষেত্রে ভিন্ন হার প্রযোজ্য।","বর্ণিত সর্বনিম্ন কর প্রয়োগের ক্ষেত্রে এই কর্তন স"
04_sro_notification_simulation.json,01_income_tax_act_simulation.json,act_reference,"আয়কর আইন, ২০২৩ এর ১৬৩তম ধারা",section_১৬৩_subsection_২০২৩,1.000,আয়কর আইন,২০২৩,১৬৩,২০২৩,,,,"সর্বনিম্ন কর বিশেষ ক্ষেত্র ২০২৪-০৭-২২ ২০২৪-০৭-০১","এবং অর্থ আইন, ২০২৪ এর ৮ম ধারা প্রদত্ত ক্ষমতাবলে আ"
04_sro_notification_simulation.json,02_finance_act_simulation.json,act_reference,"অর্থ আইন, ২০২৪ এর ৮ম ধারা",section_৮_subsection_২০২৪,1.000,অর্থ আইন,২০২৪,৮,২০২৪,,,,"৭-২২ ২০২৪-০৭-০১ আয়কর আইন, ২০২৩ এর ১৬৩তম ধারা এবং","প্রদত্ত ক্ষমতাবলে আয়কর আইন, ২০২৩ এর ১৬৩তম ধারায়"
04_sro_notification_simulation.json,01_income_tax_act_simulation.json,act_reference,"আয়কর আইন, ২০২৩ এর ১৬৩তম ধারায়",section_১৬৩_subsection_২০২৩,1.000,আয়কর আইন,২০২৩,১৬৩,২০২৩,,,,"া এবং অর্থ আইন, ২০২৪ এর ৮ম ধারা প্রদত্ত ক্ষমতাবলে","বর্ণিত সর্বনিম্ন কর এবং অর্থ আইন, ২০২৪ এর ৮ম ধারা"
04_sro_notification_simulation.json,02_finance_act_simulation.json,act_reference,"অর্থ আইন, ২০২৪ এর ৮ম ধারায়",section_৮_subsection_২০২৪,1.000,অর্থ আইন,২০২৪,৮,২০২৪,,,,"আইন, ২০২৩ এর ১৬৩তম ধারায় বর্ণিত সর্বনিম্ন কর এবং","নির্ধারিত নতুন হারের পাশাপাশি নিম্নলিখিত বিশেষ ক্"
04_sro_notification_simulation.json,02_finance_act_simulation.json,act_reference,"অর্থ আইন, ২০২৪ এর ৮ম ধারার উপ-ধারা (২)",section_৮_subsection_২,1.000,অর্থ আইন,২০২৪,৮,২,,,,"কৃষি ভিত্তিক শিল্প কৃষি ভিত্তিক শিল্পের ক্ষেত্রে","অনুযায়ী ০.৩% হারে সর্বনিম্ন কর প্রযোজ্য এবং আয়ক"
04_sro_notification_simulation.json,01_income_tax_act_simulation.json,act_reference,"আয়কর আইন, ২০২৩ এর ৫ম ধারায়",section_৫_subsection_২০২৩,1.000,আয়কর আইন,২০২৩,৫,২০২৩,,,,"(২) অনুযায়ী ০.৩% হারে সর্বনিম্ন কর প্রযোজ্য এবং","বর্ণিত সাধারণ কর ধার্যের সাথে তুলনা করিয়া যেইটি"
04_sro_notification_simulation.json,01_income_tax_act_simulation.json,act_reference,"আয়কর আইন, ২০২৩ এর ২৮৬তম ধারায়",section_২৮৬_subsection_২০২৩,1.000,আয়কর আইন,২০২৩,২৮৬,২০২৩,,,,"সুবিধাও প্রাপ্য হইবে। এই বিশেষ হার প্রয়োগের জন্য","বর্ণিত পদ্ধতি অনুসরণ করিয়া আবেদন করিতে হইবে। সংশ"
04_sro_notification_simulation.json,02_finance_act_simulation.json,act_reference,"অর্থ আইন, ২০২৪ এর ১৮তম ধারা",section_১৮_subsection_২০২৪,1.000,অর্থ আইন,২০২৪,১৮,২০২৪,,,,"ংশোধন ২০২৪-০৮-০১ ২০২৪-০৮-০১ কাস্টমস আইন, ১৯৬৯ এবং","প্রদত্ত ক্ষমতাবলে কাস্টমস আইন, ১৯৬৯ এর প্রথম তফসি"
04_sro_notification_simulation.json,02_finance_act_simulation.json,act_reference,"অর্থ আইন, ২০২৪ এর ১৮তম ধারায়",section_১৮_subsection_২০২৪,1.000,অর্থ আইন,২০২৪,১৮,২০২৪,,,,"্ত ক্ষমতাবলে কাস্টমস আইন, ১৯৬৯ এর প্রথম তফসিল এবং","বর্ণিত সংশোধনী অনুযায়ী আমদানি শুল্কের হার নিম্নর"
04_sro_notification_simulation.json,02_finance_act_simulation.json,act_reference,"অর্থ আইন, ২০২৪ এর ১৮তম ধারার উপ-ধারা (১)",section_১৮_subsection_১,1.000,অর্থ আইন,২০২৪,১৮,১,,,,"িল্প কাঁচামাল আমদানিতে কাস্টমস শুল্কের হার ৫% এবং","এ বর্ণিত বিশেষ শর্তাবলী প্রযোজ্য। এই হার আয়কর আই"
04_sro_notification_simulation.json,01_income_tax_act_simulation.json,act_reference,"আয়কর আইন, ২০২৩ এর ৮৫তম ধারায়",section_৮৫_subsection_২০২৩,1.000,আয়কর আইন,২০২৩,৮৫,২০২৩,,,,"ধারা (১) এ বর্ণিত বিশেষ শর্তাবলী প্রযোজ্য। এই হার","বর্ণিত উৎসে কর কর্তনের সাথে সামঞ্জস্যপূর্ণ। এসআরও"
04_sro_notification_simulation.json,02_finance_act_simulation.json,act_reference,"অর্থ আইন, ২০২৪ এর ১৮তম ধারার উপ-ধারা (১)",section_১৮_subsection_১,1.000,অর্থ আইন,২০২৪,১৮,১,,,,"এসআরও নং ২৫০/২০২৪ এ বর্ণিত আমদানি শুল্কের হার এবং","এ উল্লিখিত বিস্তারিত বিধান অনুযায়ী নিম্নলিখিত তা"
04_sro_notification_simulation.json,02_finance_act_simulation.json,act_reference,"অর্থ আইন, ২০২৪ এর ১৮তম ধারায়",section_১৮_subsection_২০২৪,1.000,অর্থ আইন,২০২৪,১৮,২০২৪,,,,"বিস্তারিত তালিকা ও ৫% শুল্ক হারের প্রয়োগক্ষেত্র","নির্দিষ্ট এবং আয়কর আইন, ২০২৩ এর সাথে সামঞ্জস্য র"
04_sro_notification_simulation.json,06_tds_rules_simulation.json,rules_reference," ২০২৩ এর ৫ম ধারায় বর্ণিত সাধারণ কর ধার্যের পরিবর্তে ৫০% হ্রাসকৃত হারে কর প্রযোজ্য হইবে এবং উৎসে কর কর্তন বিধিমালা, ২০২৪ এর ৪র্থ নিয়ম",rule_৪,1.000,,২০২৪,,,৪,,,"ে। ৩ রপ্তানি আয় রপ্তানি আয়ের ক্ষেত্রে আয়কর আইন,","ে বর্ণিত বিশেষ বিধান অনুসরণ করিতে হইবে। এই সুবিধা"
04_sro_notification_simulation.json,06_tds_rules_simulation.json,rules_reference," ২০২৩ এর ৮৫তম ধারায় বর্ণিত উৎসে কর কর্তন এবং উৎসে কর কর্তন বিধিমালা, ২০২৪ এর ৩য় ও ৪র্থ নিয়ম",rule_৩_and_৪,1.000,,২০২৪,,,৩,,,"কর্তন বিধিমালা, ২০২৪ প্রদত্ত ক্ষমতাবলে আয়কর আইন,","ে উল্লিখিত সাধারণ বিধানের অতিরিক্ত হিসাবে নিম্নলিখ"
04_sro_notification_simulation.json,06_tds_rules_simulation.json,rules_reference,"ে উল্লিখিত সাধারণ বিধানের অতিরিক্ত হিসাবে নিম্নলিখিত বিশেষ ক্ষেত্রে অতিরিক্ত শর্ত ও হার নির্ধারণ করা হইল: ১ বৃহৎ ঠিকাদারি প্রকল্প ১ কোটি টাকার অধিক মূল্যের ঠিকাদারি প্রকল্পের ক্ষেত্রে উৎসে কর কর্তন বিধিমালা, ২০২৪ এর ৩য় নিয়ম",rule_৩,0.800,,২০২৪,,,৩,,,"ং উৎসে কর কর্তন বিধিমালা, ২০২৪ এর ৩য় ও ৪র্থ নিয়ম","ে বর্ণিত ৭% এর পরিবর্তে ১০% হারে কর কর্তন করিতে হই"
04_sro_notification_simulation.json,06_tds_rules_simulation.json,rules_reference," আইনি ও প্রযুক্তিগত পরামর্শ সেবার ক্ষেত্রে উৎসে কর কর্তন বিধিমালা, ২০২৪ এর ৪র্থ নিয়ম",rule_৪,0.800,,২০২৪,,,৪,,,"ী প্রযোজ্য হইবে। ২ পেশাদার সেবা বিশেষ হার চিকিৎসা,","ে বর্ণিত ১২% এর পরিবর্তে ১৫% হারে কর কর্তন করিতে হ"
04_sro_notification_simulation.json,04_sro_notification_simulation.json,sro_reference,"এসআরও নং ২৩৫/২০২৪",sro_২৩৫_২০২৪,1.000,,,,,,২৩৫/২০২৪,,"ে বর্ণিত সর্বনিম্ন করের ৫০% হার প্রযোজ্য হইবে এবং","এ বর্ণিত রপ্তানি আয়ের অতিরিক্ত সুবিধাও প্রাপ্য হ"
04_sro_notification_simulation.json,04_sro_notification_simulation.json,sro_reference,"এসআরও নং ২৪১/২০২৪",sro_২৪১_২০২৪,1.000,,,,,,২৪১/২০২৪,,"ারায় বর্ণিত উৎসে কর কর্তনের সাথে সামঞ্জস্যপূর্ণ।","এ বর্ণিত উৎসে কর কর্তনের বিশেষ হার এক্ষেত্রে প্রয"
04_sro_notification_simulation.json,04_sro_notification_simulation.json,sro_reference,"এসআরও নং ২৫০/২০২৪",sro_২৫০_২০২৪,1.000,,,,,,২৫০/২০২৪,,"দানি শুল্ক বিস্তারিত তালিকা ২০২৪-০৮-০৫ ২০২৪-০৮-০১","এর ধারাবাহিকতায় এবং কাস্টমস আইন, ১৯৬৯ প্রদত্ত ক্"
04_sro_notification_simulation.json,04_sro_notification_simulation.json,sro_reference,"এসআরও নং ২৫০/২০২৪",sro_২৫০_২০২৪,1.000,,,,,,২৫০/২০২৪,,"বাহিকতায় এবং কাস্টমস আইন, ১৯৬৯ প্রদত্ত ক্ষমতাবলে","এ বর্ণিত আমদানি শুল্কের হার এবং অর্থ আইন, ২০২৪ এর"
04_sro_notification_simulation.json,04_sro_notification_simulation.json,sro_reference,"এসআরও নং ২৫০/২০২৪",sro_২৫০_২০২৪,1.000,,,,,,২৫০/২০২৪,,"ঞ্জস্য রক্ষা করিয়া প্রয়োগ করিতে হইবে। এই তালিকা","এর সাথে একসাথে পঠিতব্য এবং আয়কর আইন, ২০২৩ এর বিধ"
04_sro_notification_simulation.json,03_nbr_circular_simulation.json,circular_reference,"জাতীয় রাজস্ব বোর্ডের পরিপত্র নং ০৫/২০২৪",circular_০৫_২০২৪,0.900,,,,,,,০৫/২০২৪,"্ষেত্রে ৫০% অতিরিক্ত কর অবকাশ প্রদান করা হইবে এবং","এ বর্ণিত শর্তাবলী প্রযোজ্য থাকিবে। ২ নবায়নযোগ্য"
04_sro_notification_simulation.json,03_nbr_circular_simulation.json,circular_reference,"জাতীয় রাজস্ব বোর্ডের পরিপত্র নং ০৬/২০২৪",circular_০৬_২০২৪,0.900,,,,,,,০৬/২০২৪,"অনুসরণ করিয়া প্রয়োজনীয় আবেদন দাখিল করিতে হইবে।","এ বর্ণিত নির্দেশনা অনুসরণ করিতে হইবে। অর্থ আইন, ২"
04_sro_notification_simulation.json,03_nbr_circular_simulation.json,circular_reference,"জাতীয় রাজস্ব বোর্ডের পরিপত্র নং ০৯/২০২৪",circular_০৯_২০২৪,0.900,,,,,,,০৯/২০২৪,"প্রতিষ্ঠানসমূহ এই বিশেষ হার হইতে অব্যাহতিপ্রাপ্ত।","এ বর্ণিত বিশেষ ক্ষেত্রে ভিন্ন হার প্রযোজ্য। আয়কর"
04_sro_notification_simulation.json,03_nbr_circular_simulation.json,circular_reference,"জাতীয় রাজস্ব বোর্ডের পরিপত্র নং ১২/২০২৪",circular_১২_২০২৪,0.900,,,,,,,১২/২০২৪,"ত্রণালয় বা সংস্থার অনুমোদনপত্র দাখিল করিতে হইবে।","এ বর্ণিত অতিরিক্ত শর্তাবলী পূরণ করিতে হইবে। এই বি"
04_sro_notification_simulation.json,03_nbr_circular_simulation.json,circular_reference,"জাতীয় রাজস্ব বোর্ডের সাধারণ আদেশ নং ১৫/২০২৪",general_order_১৫_২০২৪,0.900,,,,,,,১৫/২০২৪,"রিবর্তে ০.২৫% হারে সর্বনিম্ন কর প্রযোজ্য হইবে এবং","এ বর্ণিত শর্তাবলী অনুসরণ করিতে হইবে। ২ কৃষি ভিত্ত"
04_sro_notification_simulation.json,05_tax_schedules_simulation.json,schedule_reference,"প্রথম তফসিলে",schedule_1,0.600,,,,,,,,"০২৩ এর ৫ম ধারায় বর্ণিত মূল অধিকরণ এবং উক্ত আইনের","বর্ণিত কর অবকাশের পাশাপাশি নিম্নলিখিত বিশেষ সুবিধ"
04_sro_notification_simulation.json,05_tax_schedules_simulation.json,schedule_reference,"প্রথম তফসিলে",schedule_1,0.600,,,,,,,,"১ তথ্য প্রযুক্তি খাতে বিনিয়োগ আয়কর আইন, ২০২৩ এর","র ১ম অংশে বর্ণিত সাধারণ কর অবকাশের অতিরিক্ত হিসাবে"
04_sro_notification_simulation.json,05_tax_schedules_simulation.json,schedule_reference,"প্রথম তফসিলে",schedule_1,0.600,,,,,,,,"% হারে কর কর্তন করিতে হইবে এবং আয়কর আইন, ২০২৩ এর","র ৩য় অংশে বর্ণিত অতিরিক্ত শর্তাবলী প্রযোজ্য হইবে।"
04_sro_notification_simulation.json,05_tax_schedules_simulation.json,schedule_reference,"প্রথম তফসিলে",schedule_1,0.600,,,,,,,,"৩০% হারে উৎসে কর কর্তন করিতে হইবে এবং উক্ত আইনের","র ৩য় অংশে বর্ণিত DTAA এর বিধান প্রযোজ্য ক্ষেত্রে"
04_sro_notification_simulation.json,05_tax_schedules_simulation.json,schedule_reference,"দ্বিতীয় তফসিলে",schedule_2,0.600,,,,,,,,"ুদ্র ও মাঝারি শিল্পের ক্ষেত্রে আয়কর আইন, ২০২৩ এর","র ২য় অংশে বর্ণিত সাধারণ সর্বনিম্ন করের পরিবর্তে ০"
04_sro_notification_simulation.json,05_tax_schedules_simulation.json,schedule_reference,"দ্বিতীয় তফসিলে",schedule_2,0.600,,,,,,,,"ক রপ্তানিকারী শিল্পের ক্ষেত্রে আয়কর আইন, ২০২৩ এর","র ২য় অংশে বর্ণিত সর্বনিম্ন করের ৫০% হার প্রযোজ্য"
04_sro_notification_simulation.json,05_tax_schedules_simulation.json,schedule_reference,"প্রথম তফসিল",schedule_1,0.600,,,,,,,,"১৮তম ধারা প্রদত্ত ক্ষমতাবলে কাস্টমস আইন, ১৯৬৯ এর","এবং অর্থ আইন, ২০২৪ এর ১৮তম ধারায় বর্ণিত সংশোধনী"
04_sro_notification_simulation.json,05_tax_schedules_simulation.json,schedule_reference,"প্রথম তফসিলে",schedule_1,0.600,,,,,,,,"র নিম্নরূপ নির্ধারণ করা হইল যা আয়কর আইন, ২০২৩ এর","র সাথে সামঞ্জস্যপূর্ণ: ১ শিল্প যন্ত্রপাতি শিল্প যন"
04_sro_notification_simulation.json,05_tax_schedules_simulation.json,schedule_reference,"প্রথম তফসিলে",schedule_1,0.600,,,,,,,,"তে কাস্টমস শুল্কের হার ১৫% এবং আয়কর আইন, ২০২৩ এর","বর্ণিত অবচয় ভাতার সাথে সামঞ্জস্য রাখিয়া এই হার"
04_sro_notification_simulation.json,05_tax_schedules_simulation.json,schedule_reference,"প্রথম তফসিল",schedule_1,0.600,,,,,,,,"সহ ১৫% হারের বিস্তারিত বিবরণ কাস্টমস আইন, ১৯৬৯ এর","অনুযায়ী নির্ধারিত এবং আয়কর আইন, ২০২৩ এর প্রথম ত"
04_sro_notification_simulation.json,05_tax_schedules_simulation.json,schedule_reference,"প্রথম তফসিলে",schedule_1,0.600,,,,,,,,"ম তফসিল অনুযায়ী নির্ধারিত এবং আয়কর আইন, ২০২৩ এর","বর্ণিত অবচয় ভাতার সাথে সামঞ্জস্যপূর্ণ। ২ কাঁচামা"
05_tax_schedules_simulation.json,01_income_tax_act_simulation.json,act_reference,"আয়কর আইন, ২০২৩ এর ৫ম ধারা",section_৫_subsection_২০২৩,1.000,আয়কর আইন,২০২৩,৫,২০২৩,,,,"এবং অর্থ আইন, ২০২৪ প্রথম তফসিল কর হার ও কর অবকাশ","এবং অর্থ আইন, ২০২৪ এর ৬ম ধারা ১ম অংশ ব্যক্তিগত কর"
05_tax_schedules_simulation.json,02_finance_act_simulation.json,act_reference,"অর্থ আইন, ২০২৪ এর ৬ম ধারা",section_৬_subsection_২০২৪,1.000,অর্থ আইন,২০২৪,৬,২০২৪,,,,"কর হার ও কর অবকাশ আয়কর আইন, ২০২৩ এর ৫ম ধারা এবং","১ম অংশ ব্যক্তিগত করদাতার কর হার ও অবকাশ অর্থ আইন,"
05_tax_schedules_simulation.json,02_finance_act_simulation.json,act_reference,"অর্থ আইন, ২০২৪ এর ৬ম ধারার উপ-ধারা (১)",section_৬_subsection_১,1.000,অর্থ আইন,২০২৪,৬,১,,,,"র ৬ম ধারা ১ম অংশ ব্যক্তিগত করদাতার কর হার ও অবকাশ","অনুযায়ী নির্ধারিত এবং আয়কর আইন, ২০২৩ এর ৫ম ধারা"
05_tax_schedules_simulation.json,01_income_tax_act_simulation.json,act_reference,"আয়কর আইন, ২০২৩ এর ৫ম ধারায়",section_৫_subsection_২০২৩,1.000,আয়কর আইন,২০২৩,৫,২০২৩,,,,"২৪ এর ৬ম ধারার উপ-ধারা (১) অনুযায়ী নির্ধারিত এবং","বর্ণিত মূল অধিকরণ সাপেক্ষে ব্যক্তিগত করদাতার কর হ"
05_tax_schedules_simulation.json,01_income_tax_act_simulation.json,act_reference,"আয়কর আইন, ২০২৩ এর ৮ম ধারায়",section_৮_subsection_২০২৩,1.000,আয়কর আইন,২০২৩,৮,২০২৩,,,,"ূপ: প্রথম ৩,০০,০০০ টাকা পর্যন্ত ০% করমুক্ত সীমা -","বর্ণিত পরবর্তী ১,০০,০০০ টাকা (৩,০০,০০১ - ৪,০০,০০০"
05_tax_schedules_simulation.json,02_finance_act_simulation.json,act_reference,"অর্থ আইন, ২০২৪ এর ৬ম ধারায়",section_৬_subsection_২০২৪,1.000,অর্থ আইন,২০২৪,৬,২০২৪,,,,"িত পরবর্তী ১,০০,০০০ টাকা (৩,০০,০০১ - ৪,০০,০০০) ৫%","নির্ধারিত পরবর্তী ৩,০০,০০০ টাকা (৪,০০,০০১ - ৭,০০,"
05_tax_schedules_simulation.json,01_income_tax_act_simulation.json,act_reference,"আয়কর আইন, ২০২৩ এর ৫ম ধারার",section_৫_subsection_২০২৩,1.000,আয়কর আইন,২০২৩,৫,২০২৩,,,,"পরবর্তী ৪,০০,০০০ টাকা (৭,০০,০০১ - ১১,০০,০০০) ১৫%","সাথে সামঞ্জস্যপূর্ণ পরবর্তী ৫,০০,০০০ টাকা (১১,০০,"
05_tax_schedules_simulation.json,01_income_tax_act_simulation.json,act_reference,"আয়কর আইন, ২০২৩ এর ১৬৩তম ধারায়",section_১৬৩_subsection_২০২৩,1.000,আয়কর আইন,২০২৩,১৬৩,২০২৩,,,,"র স্ল্যাব ১৬,০০,০০০ টাকার অধিক ২৫% সর্বোচ্চ হার -","বর্ণিত সর্বনিম্ন করের সাথে তুলনীয় মহিলা করদাতা ৩"
05_tax_schedules_simulation.json,02_finance_act_simulation.json,act_reference,"অর্থ আইন, ২০২৪ এর ৬ম ধারার উপ-ধারা (২)",section_৬_subsection_২,1.000,অর্থ আইন,২০২৪,৬,২,,,,"িম্ন করের সাথে তুলনীয় মহিলা করদাতা ৩,৫০,০০০ টাকা","এবং জাতীয় রাজস্ব বোর্ডের পরিপত্র নং ০৫/২০২৪ প্রত"
05_tax_schedules_simulation.json,02_finance_act_simulation.json,act_reference,"অর্থ আইন, ২০২৪ এর ৬ম ধারার উপ-ধারা (২)",section_৬_subsection_২,1.000,অর্থ আইন,২০২৪,৬,২,,,,"িপত্র নং ০৫/২০২৪ প্রতিবন্ধী ব্যক্তি ৪,৫০,০০০ টাকা","এবং পরিপত্র নং ০৭/২০২৪ মুক্তিযোদ্ধা ৪,২৫,০০০ টাকা"
05_tax_schedules_simulation.json,01_income_tax_act_simulation.json,act_reference,"আয়কর আইন, ২০২৩ এর ৮ম ধারার",section_৮_subsection_২০২৩,1.000,আয়কর আইন,২০২৩,৮,২০২৩,,,,"এবং পরিপত্র নং ০৭/২০২৪ মুক্তিযোদ্ধা ৪,২৫,০০০ টাকা","বিশেষ বিধান ১৫% ১০,০০,০০০ টাকা তথ্য প্রযুক্তি ২০%"
05_tax_schedules_simulation.json,01_income_tax_act_simulation.json,act_reference,"আয়কর আইন, ২০২৩ এর ৫ম ধারার উপ-ধারা (২)",section_৫_subsection_২,1.000,আয়কর আইন,২০২৩,৫,২,,,,"যোগ্য জ্বালানি ১০০% এসআরও নং ২৩৫/২০২৪ এর ২য় ধারা","২য় অংশ কোম্পানির কর হার আয়কর আইন, ২০২৩ এর তৃতীয"
05_tax_schedules_simulation.json,02_finance_act_simulation.json,act_reference,"অর্থ আইন, ২০২৪ এর ৬ম ধারার উপ-ধারা (৩)",section_৬_subsection_৩,1.000,অর্থ আইন,২০২৪,৬,৩,,,,"র হার আয়কর আইন, ২০২৩ এর তৃতীয় তফসিলে বর্ণিত এবং","অনুযায়ী সংশোধিত কোম্পানির কর হার: সাধারণ কোম্পান"
05_tax_schedules_simulation.json,02_finance_act_simulation.json,act_reference,"অর্থ আইন, ২০২৪ এর ৬ম ধারার উপ-ধারা (৩)",section_৬_subsection_৩,1.000,অর্থ আইন,২০২৪,৬,৩,,,,"য়ী সংশোধিত কোম্পানির কর হার: সাধারণ কোম্পানি ২৫%","তালিকাভুক্ত কোম্পানি ২২.৫% আয়কর আইন, ২০২৩ এর তৃত"
05_tax_schedules_simulation.json,01_income_tax_act_simulation.json,act_reference,"আয়কর আইন, ২০২৩ এর ১৬৩তম ধারা",section_১৬৩_subsection_২০২৩,1.000,আয়কর আইন,২০২৩,১৬৩,২০২৩,,,,"ষেত্র পরিশোধিত পুঁজির ০.৬% বা মোট বিক্রয়ের ০.১০%","এবং অর্থ আইন, ২০২৪ এর ৮ম ধারা এসআরও নং ২৪০/২০২৪ এ"
05_tax_schedules_simulation.json,02_finance_act_simulation.json,act_reference,"অর্থ আইন, ২০২৪ এর ৮ম ধারা",section_৮_subsection_২০২৪,1.000,অর্থ আইন,২০২৪,৮,২০২৪,,,,"বিক্রয়ের ০.১০% আয়কর আইন, ২০২৩ এর ১৬৩তম ধারা এবং","এসআরও নং ২৪০/২০২৪ এ বর্ণিত বিশেষ ক্ষেত্রে ভিন্ন হ"
05_tax_schedules_simulation.json,01_income_tax_act_simulation.json,act_reference,"আয়কর আইন, ২০২৩ এর ৮৫তম ধারা",section_৮৫_subsection_২০২৩,1.000,আয়কর আইন,২০২৩,৮৫,২০২৩,,,,"েষ ক্ষেত্রে ভিন্ন হার ৩য় অংশ উৎসে কর কর্তনের হার","এবং উৎসে কর কর্তন বিধিমালা, ২০২৪ অনুযায়ী নির্ধার"
05_tax_schedules_simulation.json,01_income_tax_act_simulation.json,act_reference,"আয়কর আইন, ২০২৩ এর ৮৫তম ধারার উপ-ধারা (৩)",section_৮৫_subsection_৩,1.000,আয়কর আইন,২০২৩,৮৫,৩,,,,"ক্ষেত্রে - এসআরও নং ২৪১/২০২৪) অনাবাসী ব্যক্তি ৩০%","DTAA এর বিধান প্রযোজ্য ক্ষেত্রে ভিন্ন হার সুদ প্র"
05_tax_schedules_simulation.json,01_income_tax_act_simulation.json,act_reference,"আয়কর আইন, ২০২৩ এর ১৬৩তম ধারা",section_১৬৩_subsection_২০২৩,1.000,আয়কর আইন,২০২৩,১৬৩,২০২৩,,,,"য়ী অন্যান্য অব্যাহতি দ্বিতীয় তফসিল সর্বনিম্ন কর","এবং অর্থ আইন, ২০২৪ এর ৮ম ধারা ১ম অংশ কোম্পানির সর"
05_tax_schedules_simulation.json,02_finance_act_simulation.json,act_reference,"অর্থ আইন, ২০২৪ এর ৮ম ধারা",section_৮_subsection_২০২৪,1.000,অর্থ আইন,২০২৪,৮,২০২৪,,,,"িল সর্বনিম্ন কর আয়কর আইন, ২০২৩ এর ১৬৩তম ধারা এবং","১ম অংশ কোম্পানির সর্বনিম্ন কর অর্থ আইন, ২০২৪ এর ৮"
05_tax_schedules_simulation.json,02_finance_act_simulation.json,act_reference,"অর্থ আইন, ২০২৪ এর ৮ম ধারার উপ-ধারা (১)",section_৮_subsection_১,1.000,অর্থ আইন,২০২৪,৮,১,,,,"ইন, ২০২৪ এর ৮ম ধারা ১ম অংশ কোম্পানির সর্বনিম্ন কর","অনুযায়ী এবং আয়কর আইন, ২০২৩ এর ১৬৩তম ধারায় বর্ণ"
05_tax_schedules_simulation.json,01_income_tax_act_simulation.json,act_reference,"আয়কর আইন, ২০২৩ এর ১৬৩তম ধারায়",section_১৬৩_subsection_২০২৩,1.000,আয়কর আইন,২০২৩,১৬৩,২০২৩,,,,"্থ আইন, ২০২৪ এর ৮ম ধারার উপ-ধারা (১) অনুযায়ী এবং","বর্ণিত নীতি অনুসরণে কোম্পানির সর্বনিম্ন কর: পরিশো"
05_tax_schedules_simulation.json,01_income_tax_act_simulation.json,act_reference,"আয়কর আইন, ২০২৩ এর ১৬৩তম ধারা",section_১৬৩_subsection_২০২৩,1.000,আয়কর আইন,২০২৩,১৬৩,২০২৩,,,,"ধিত পুঁজির ০.৬% বা মোট বিক্রয়ের ০.১০% যেইটি বেশি","এবং জাতীয় রাজস্ব বোর্ডের পরিপত্র নং ১২/২০২৪ ব্যা"
05_tax_schedules_simulation.json,02_finance_act_simulation.json,act_reference,"অর্থ আইন, ২০২৪ এর ৮ম ধারার",section_৮_subsection_২০২৪,1.000,অর্থ আইন,২০২৪,৮,২০২৪,,,,"ব্যাংক ও আর্থিক প্রতিষ্ঠান পরিশোধিত পুঁজির ১.২৫%","বিশেষ বিধান মোবাইল ফোন অপারেটর মোট বিক্রয়ের ২% উ"
05_tax_schedules_simulation.json,01_income_tax_act_simulation.json,act_reference,"আয়কর আইন, ২০২৩ এর ১৬৩তম ধারা",section_১৬৩_subsection_২০২৩,1.000,আয়কর আইন,২০২৩,১৬৩,২০২৩,,,,"ং ২৩৫/২০২৪ ২য় অংশ ব্যক্তিগত করদাতার সর্বনিম্ন কর","এবং অর্থ আইন, ২০২৪ এর ৮ম ধারার উপ-ধারা (২) অনুযায"
05_tax_schedules_simulation.json,02_finance_act_simulation.json,act_reference,"অর্থ আইন, ২০২৪ এর ৮ম ধারার উপ-ধারা (২)",section_৮_subsection_২,1.000,অর্থ আইন,২০২৪,৮,২,,,,"ার সর্বনিম্ন কর আয়কর আইন, ২০২৩ এর ১৬৩তম ধারা এবং","অনুযায়ী ব্যক্তিগত করদাতার সর্বনিম্ন কর: বার্ষিক"
05_tax_schedules_simulation.json,02_finance_act_simulation.json,act_reference,"অর্থ আইন, ২০২৪ এর ৮ম ধারা",section_৮_subsection_২০২৪,1.000,অর্থ আইন,২০২৪,৮,২০২৪,,,,"০.৫% ৪,০০,০০০ টাকার অধিক আয়ের ক্ষেত্রে প্রযোজ্য","এবং সাধারণ আদেশ নং ১৫/২০২৪ সরকারি কর্মচারী সম্পূর"
05_tax_schedules_simulation.json,01_income_tax_act_simulation.json,act_reference,"আয়কর আইন, ২০২৩ এর ১৬৩তম ধারার",section_১৬৩_subsection_২০২৩,1.000,আয়কর আইন,২০২৩,১৬৩,২০২৩,,,,"আদেশ নং ১৫/২০২৪ সরকারি কর্মচারী সম্পূর্ণ অব্যাহতি","ব্যতিক্রম প্রতিবন্ধী ব্যক্তি ৫০% হ্রাস পরিপত্র নং"
05_tax_schedules_simulation.json,01_income_tax_act_simulation.json,act_reference,"আয়কর আইন, ২০২৩ এর ৮ম ধারার",section_৮_subsection_২০২৩,1.000,আয়কর আইন,২০২৩,৮,২০২৩,,,,"এবং সাধারণ আদেশ নং ১৫/২০২৪ মুক্তিযোদ্ধা ৫০% হ্রাস","বিশেষ বিধান বার্ষিক মোট আয় নির্ধারণ - আয়কর আইন,"
05_tax_schedules_simulation.json,01_income_tax_act_simulation.json,act_reference,"আয়কর আইন, ২০২৩ এর ৫ম ধারা",section_৫_subsection_২০২৩,1.000,আয়কর আইন,২০২৩,৫,২০২৩,,,,"র ৮ম ধারার বিশেষ বিধান বার্ষিক মোট আয় নির্ধারণ -","অনুযায়ী সর্বনিম্ন কর গণনা - মোট আয়ের ০.৫% নিয়ম"
05_tax_schedules_simulation.json,01_income_tax_act_simulation.json,act_reference,"আয়কর আইন, ২০২৩ এর ২৮৬তম ধারা",section_২৮৬_subsection_২০২৩,1.000,আয়কর আইন,২০২৩,২৮৬,২০২৩,,,,"যে যেইটি বেশি সেইটি প্রদান তৃতীয় তফসিল আপিল ও ফি","এবং পরিপত্র নং ০৮/২০২৪ ১ম অংশ আপিল দাখিল ও ফি আয়"
05_tax_schedules_simulation.json,01_income_tax_act_simulation.json,act_reference,"আয়কর আইন, ২০২৩ এর ২৮৬তম ধারায়",section_২৮৬_subsection_২০২৩,1.000,আয়কর আইন,২০২৩,২৮৬,২০২৩,,,,"ারা এবং পরিপত্র নং ০৮/২০২৪ ১ম অংশ আপিল দাখিল ও ফি","বর্ণিত আপিল পদ্ধতি এবং পরিপত্র নং ০৮/২০২৪ এ বর্ণি"
05_tax_schedules_simulation.json,01_income_tax_act_simulation.json,act_reference,"আয়কর আইন, ২০২৩ এর ২৮৬তম ধারার উপ-ধারা (১)",section_২৮৬_subsection_১,1.000,আয়কর আইন,২০২৩,২৮৬,১,,,,"েশনা অনুযায়ী: করনির্ধারণী আদেশের বিরুদ্ধে ৬০ দিন","জরিমানা আরোপের বিরুদ্ধে ৩০ দিন উক্ত ধারার উপ-ধারা"
05_tax_schedules_simulation.json,06_tds_rules_simulation.json,rules_reference," ২০২৪ অনুযায়ী নির্ধারিত উৎসে কর কর্তনের হার: ঠিকাদারি কার্যক্রম ৭% উৎসে কর কর্তন বিধিমালা, ২০২৪ এর ৩য় নিয়ম",rule_৩,0.800,,২০২৪,,,৩,,,"আইন, ২০২৩ এর ৮৫তম ধারা এবং উৎসে কর কর্তন বিধিমালা,","১০% (১ কোটি টাকার অধিক প্রকল্পের ক্ষেত্রে - এসআরও"
05_tax_schedules_simulation.json,06_tds_rules_simulation.json,rules_reference," ১০% (১ কোটি টাকার অধিক প্রকল্পের ক্ষেত্রে - এসআরও নং ২৪১/২০২৪) পেশাদার সেবা ১২% উৎসে কর কর্তন বিধিমালা, ২০২৪ এর ৪র্থ নিয়ম",rule_৪,0.900,,২০২৪,,,৪,,,"যক্রম ৭% উৎসে কর কর্তন বিধিমালা, ২০২৪ এর ৩য় নিয়ম","১৫% (বিশেষ পেশাদার সেবার ক্ষেত্রে - এসআরও নং ২৪১/"
05_tax_schedules_simulation.json,04_sro_notification_simulation.json,sro_reference,"এসআরও নং ২৩৫/২০২৪",sro_২৩৫_২০২৪,1.000,,,,,,২৩৫/২০২৪,,"বিশেষ বিধান ১৫% ১০,০০,০০০ টাকা তথ্য প্রযুক্তি ২০%","এ বর্ণিত বিশেষ সুবিধা নবায়নযোগ্য জ্বালানি ১০০% এ"
05_tax_schedules_simulation.json,04_sro_notification_simulation.json,sro_reference,"এসআরও নং ২৩৫/২০২৪",sro_২৩৫_২০২৪,1.000,,,,,,২৩৫/২০২৪,,"৪ এ বর্ণিত বিশেষ সুবিধা নবায়নযোগ্য জ্বালানি ১০০%","এর ২য় ধারা আয়কর আইন, ২০২৩ এর ৫ম ধারার উপ-ধারা ("
05_tax_schedules_simulation.json,04_sro_notification_simulation.json,sro_reference,"এসআরও নং ২৪০/২০২৪",sro_২৪০_২০২৪,1.000,,,,,,২৪০/২০২৪,,"২০২৩ এর ১৬৩তম ধারা এবং অর্থ আইন, ২০২৪ এর ৮ম ধারা","এ বর্ণিত বিশেষ ক্ষেত্রে ভিন্ন হার ৩য় অংশ উৎসে কর"
05_tax_schedules_simulation.json,04_sro_notification_simulation.json,sro_reference,"এসআরও নং ২৪১/২০২৪",sro_২৪১_২০২৪,1.000,,,,,,২৪১/২০২৪,,"নিয়ম ১০% (১ কোটি টাকার অধিক প্রকল্পের ক্ষেত্রে -",") পেশাদার সেবা ১২% উৎসে কর কর্তন বিধিমালা, ২০২৪ এর"
05_tax_schedules_simulation.json,04_sro_notification_simulation.json,sro_reference,"এসআরও নং ২৪১/২০২৪",sro_২৪১_২০২৪,1.000,,,,,,২৪১/২০২৪,,"এর ৪র্থ নিয়ম ১৫% (বিশেষ পেশাদার সেবার ক্ষেত্রে -",") অনাবাসী ব্যক্তি ৩০% আয়কর আইন, ২০২৩ এর ৮৫তম ধারা"
05_tax_schedules_simulation.json,04_sro_notification_simulation.json,sro_reference,"এসআরও নং ২৩৫/২০২৪",sro_২৩৫_২০২৪,1.000,,,,,,২৩৫/২০২৪,,"র কর্তন বিধিমালা, ২০২৪ এর ৫ম নিয়ম রপ্তানি আয় ১%","এর বিশেষ সুবিধা এবং পরিপত্র নং ০৯/২০২৪ সরকারি প্র"
05_tax_schedules_simulation.json,04_sro_notification_simulation.json,sro_reference,"এসআরও নং ২৪০/২০২৪",sro_২৪০_২০২৪,1.000,,,,,,২৪০/২০২৪,,"ধারার বিশেষ ক্ষেত্র ক্ষুদ্র ও মাঝারি শিল্প ০.২৫%","এর ১ম ধারা এবং সাধারণ আদেশ নং ১৫/২০২৪ কৃষি ভিত্তি"
05_tax_schedules_simulation.json,04_sro_notification_simulation.json,sro_reference,"এসআরও নং ২৪০/২০২৪",sro_২৪০_২০২৪,1.000,,,,,,২৪০/২০২৪,,"বং সাধারণ আদেশ নং ১৫/২০২৪ কৃষি ভিত্তিক শিল্প ০.৩%","এর ২য় ধারা রপ্তানিমুখী শিল্প সাধারণ হারের ৫০% এস"
05_tax_schedules_simulation.json,04_sro_notification_simulation.json,sro_reference,"এসআরও নং ২৪০/২০২৪",sro_২৪০_২০২৪,1.000,,,,,,২৪০/২০২৪,,"২৪ এর ২য় ধারা রপ্তানিমুখী শিল্প সাধারণ হারের ৫০%","এর ৩য় ধারা এবং এসআরও নং ২৩৫/২০২৪ ২য় অংশ ব্যক্তি"
05_tax_schedules_simulation.json,04_sro_notification_simulation.json,sro_reference,"এসআরও নং ২৩৫/২০২৪",sro_২৩৫_২০২৪,1.000,,,,,,২৩৫/২০২৪,,"াধারণ হারের ৫০% এসআরও নং ২৪০/২০২৪ এর ৩য় ধারা এবং","২য় অংশ ব্যক্তিগত করদাতার সর্বনিম্ন কর আয়কর আইন,"
05_tax_schedules_simulation.json,04_sro_notification_simulation.json,sro_reference,"এসআরও নং ২৩৫/২০২৪ এর ২য় ধারা",sro_২৩৫_২০২৪_section_২,1.000,,,২,,,২৩৫/২০২৪,,"৪ এ বর্ণিত বিশেষ সুবিধা নবায়নযোগ্য জ্বালানি ১০০%","আয়কর আইন, ২০২৩ এর ৫ম ধারার উপ-ধারা (২) ২য় অংশ ক"
05_tax_schedules_simulation.json,04_sro_notification_simulation.json,sro_reference,"এসআরও নং ২৪০/২০২৪ এর ১ম ধারা",sro_২৪০_২০২৪_section_১,1.000,,,১,,,২৪০/২০২৪,,"ধারার বিশেষ ক্ষেত্র ক্ষুদ্র ও মাঝারি শিল্প ০.২৫%","এবং সাধারণ আদেশ নং ১৫/২০২৪ কৃষি ভিত্তিক শিল্প ০.৩"
05_tax_schedules_simulation.json,04_sro_notification_simulation.json,sro_reference,"এসআরও নং ২৪০/২০২৪ এর ২য় ধারা",sro_২৪০_২০২৪_section_২,1.000,,,২,,,২৪০/২০২৪,,"বং সাধারণ আদেশ নং ১৫/২০২৪ কৃষি ভিত্তিক শিল্প ০.৩%","রপ্তানিমুখী শিল্প সাধারণ হারের ৫০% এসআরও নং ২৪০/২"
05_tax_schedules_simulation.json,04_sro_notification_simulation.json,sro_reference,"এসআরও নং ২৪০/২০২৪ এর ৩য় ধারা",sro_২৪০_২০২৪_section_৩,1.000,,,৩,,,২৪০/২০২৪,,"২৪ এর ২য় ধারা রপ্তানিমুখী শিল্প সাধারণ হারের ৫০%","এবং এসআরও নং ২৩৫/২০২৪ ২য় অংশ ব্যক্তিগত করদাতার স"
05_tax_schedules_simulation.json,03_nbr_circular_simulation.json,circular_reference,"জাতীয় রাজস্ব বোর্ডের পরিপত্র নং ০৬/২০২৪",circular_০৬_২০২৪,0.900,,,,,,,০৬/২০২৪,"ত পরবর্তী ৩,০০,০০০ টাকা (৪,০০,০০১ - ৭,০০,০০০) ১০%","অনুযায়ী প্রয়োগ পরবর্তী ৪,০০,০০০ টাকা (৭,০০,০০১"
05_tax_schedules_simulation.json,03_nbr_circular_simulation.json,circular_reference,"জাতীয় রাজস্ব বোর্ডের পরিপত্র নং ০৫/২০২৪",circular_০৫_২০২৪,0.900,,,,,,,০৫/২০২৪,"০ টাকা অর্থ আইন, ২০২৪ এর ৬ম ধারার উপ-ধারা (২) এবং","প্রতিবন্ধী ব্যক্তি ৪,৫০,০০০ টাকা অর্থ আইন, ২০২৪ এ"
05_tax_schedules_simulation.json,03_nbr_circular_simulation.json,circular_reference,"পরিপত্র নং ০৭/২০২৪",circular_০৭_২০২৪,0.900,,,,,,,০৭/২০২৪,"০ টাকা অর্থ আইন, ২০২৪ এর ৬ম ধারার উপ-ধারা (২) এবং","মুক্তিযোদ্ধা ৪,২৫,০০০ টাকা আয়কর আইন, ২০২৩ এর ৮ম"
05_tax_schedules_simulation.json,03_nbr_circular_simulation.json,circular_reference,"পরিপত্র নং ১২/২০২৪",circular_১২_২০২৪,0.900,,,,,,,১২/২০২৪,"োম্পানি ২২.৫% আয়কর আইন, ২০২৩ এর তৃতীয় তফসিল এবং","ব্যাংক ও আর্থিক প্রতিষ্ঠান ৪০% আয়কর আইন, ২০২৩ এর"
05_tax_schedules_simulation.json,03_nbr_circular_simulation.json,circular_reference,"পরিপত্র নং ০৯/২০২৪",circular_০৯_২০২৪,0.900,,,,,,,০৯/২০২৪,"তানি আয় ১% এসআরও নং ২৩৫/২০২৪ এর বিশেষ সুবিধা এবং","সরকারি প্রতিষ্ঠান - সম্পূর্ণ অব্যাহতি স্থানীয় সর"
05_tax_schedules_simulation.json,03_nbr_circular_simulation.json,circular_reference,"জাতীয় রাজস্ব বোর্ডের পরিপত্র নং ০৯/২০২৪",circular_০৯_২০২৪,0.900,,,,,,,০৯/২০২৪,"হতি স্থানীয় সরকার প্রতিষ্ঠান - সম্পূর্ণ অব্যাহতি","অনুযায়ী অন্যান্য অব্যাহতি দ্বিতীয় তফসিল সর্বনিম"
05_tax_schedules_simulation.json,03_nbr_circular_simulation.json,circular_reference,"জাতীয় রাজস্ব বোর্ডের পরিপত্র নং ১২/২০২৪",circular_১২_২০২৪,0.900,,,,,,,১২/২০২৪,".১০% যেইটি বেশি আয়কর আইন, ২০২৩ এর ১৬৩তম ধারা এবং","ব্যাংক ও আর্থিক প্রতিষ্ঠান পরিশোধিত পুঁজির ১.২৫%"
05_tax_schedules_simulation.json,03_nbr_circular_simulation.json,circular_reference,"পরিপত্র নং ০৭/২০২৪",circular_০৭_২০২৪,0.900,,,,,,,০৭/২০২৪,"৬৩তম ধারার ব্যতিক্রম প্রতিবন্ধী ব্যক্তি ৫০% হ্রাস","এবং সাধারণ আদেশ নং ১৫/২০২৪ মুক্তিযোদ্ধা ৫০% হ্রাস"
05_tax_schedules_simulation.json,03_nbr_circular_simulation.json,circular_reference,"পরিপত্র নং ০৮/২০২৪",circular_০৮_২০২৪,0.900,,,,,,,০৮/২০২৪,"তফসিল আপিল ও ফি আয়কর আইন, ২০২৩ এর ২৮৬তম ধারা এবং","১ম অংশ আপিল দাখিল ও ফি আয়কর আইন, ২০২৩ এর ২৮৬তম ধ"
05_tax_schedules_simulation.json,03_nbr_circular_simulation.json,circular_reference,"পরিপত্র নং ০৮/২০২৪",circular_০৮_২০২৪,0.900,,,,,,,০৮/২০২৪,"আইন, ২০২৩ এর ২৮৬তম ধারায় বর্ণিত আপিল পদ্ধতি এবং","এ বর্ণিত নির্দেশনা অনুযায়ী: করনির্ধারণী আদেশের ব"
05_tax_schedules_simulation.json,03_nbr_circular_simulation.json,circular_reference,"পরিপত্র নং ০৮/২০২৪",circular_০৮_২০২৪,0.900,,,,,,,০৮/২০২৪,"ধারার উপ-ধারা (৩) ১ লক্ষ টাকা পর্যন্ত ৫,০০০ টাকা","এর ফি তালিকা ১ লক্ষ হইতে ১০ লক্ষ টাকা পর্যন্ত ১৫,"
05_tax_schedules_simulation.json,03_nbr_circular_simulation.json,circular_reference,"পরিপত্র নং ০৮/২০২৪",circular_০৮_২০২৪,0.900,,,,,,,০৮/২০২৪,"যান্য বিশেষ ক্ষেত্র ২য় অংশ আপিল নিষ্পত্তি পদ্ধতি","এবং আয়কর অধ্যাদেশ, ১৯৮৪ এর ২৮৫ ধারায় বর্ণিত পদ্"
05_tax_schedules_simulation.json,03_nbr_circular_simulation.json,circular_reference,"পরিপত্র নং ০৮/২০২৪",circular_০৮_২০২৪,0.900,,,,,,,০৮/২০২৪,"রহণ ১৫ দিন আপিল দাখিলের পর প্রাথমিক যাচাই ও গ্রহণ","এর ২য় ধারা তথ্য সংগ্রহ ৩০ দিন সংশ্লিষ্ট কর কার্য"
05_tax_schedules_simulation.json,03_nbr_circular_simulation.json,circular_reference,"পরিপত্র নং ০৮/২০২৪",circular_০৮_২০২৪,0.900,,,,,,,০৮/২০২৪,"রায় প্রদান ৯০ দিন চূড়ান্ত রায় প্রদান ও যোগাযোগ","এর চূড়ান্ত নির্দেশনা আপিল গ্রহণ - করনির্ধারণী সং"
05_tax_schedules_simulation.json,03_nbr_circular_simulation.json,circular_reference,"সাধারণ আদেশ নং ১৫/২০২৪",general_order_১৫_২০২৪,0.900,,,,,,,১৫/২০২৪,"ঝারি শিল্প ০.২৫% এসআরও নং ২৪০/২০২৪ এর ১ম ধারা এবং","কৃষি ভিত্তিক শিল্প ০.৩% এসআরও নং ২৪০/২০২৪ এর ২য়"
05_tax_schedules_simulation.json,03_nbr_circular_simulation.json,circular_reference,"সাধারণ আদেশ নং ১৫/২০২৪",general_order_১৫_২০২৪,0.900,,,,,,,১৫/২০২৪,"র ক্ষেত্রে প্রযোজ্য অর্থ আইন, ২০২৪ এর ৮ম ধারা এবং","সরকারি কর্মচারী সম্পূর্ণ অব্যাহতি আয়কর আইন, ২০২৩"
05_tax_schedules_simulation.json,03_nbr_circular_simulation.json,circular_reference,"সাধারণ আদেশ নং ১৫/২০২৪",general_order_১৫_২০২৪,0.900,,,,,,,১৫/২০২৪,"রতিবন্ধী ব্যক্তি ৫০% হ্রাস পরিপত্র নং ০৭/২০২৪ এবং","মুক্তিযোদ্ধা ৫০% হ্রাস আয়কর আইন, ২০২৩ এর ৮ম ধারা"
05_tax_schedules_simulation.json,03_nbr_circular_simulation.json,circular_reference,"সাধারণ আদেশ নং ১৬/২০২৪",general_order_১৬_২০২৪,0.900,,,,,,,১৬/২০২৪,"সর্বোচ্চ ফি প্রাকৃতিক দুর্যোগ - অতিরিক্ত ৩০ দিন (",") চিকিৎসা জনিত কারণ - সনদসহ অতিরিক্ত ৩০ দিন আয়কর"
05_tax_schedules_simulation.json,05_tax_schedules_simulation.json,schedule_reference,"প্রথম তফসিল",schedule_1,0.600,,,,,,,,"dules 2024 1.0 আয়কর আইন, ২০২৩ এবং অর্থ আইন, ২০২৪","কর হার ও কর অবকাশ আয়কর আইন, ২০২৩ এর ৫ম ধারা এবং"
05_tax_schedules_simulation.json,05_tax_schedules_simulation.json,schedule_reference,"তৃতীয় তফসিলে",schedule_3,0.600,,,,,,,,"া (২) ২য় অংশ কোম্পানির কর হার আয়কর আইন, ২০২৩ এর","বর্ণিত এবং অর্থ আইন, ২০২৪ এর ৬ম ধারার উপ-ধারা (৩)"
05_tax_schedules_simulation.json,05_tax_schedules_simulation.json,schedule_reference,"তৃতীয় তফসিল",schedule_3,0.600,,,,,,,,"(৩) তালিকাভুক্ত কোম্পানি ২২.৫% আয়কর আইন, ২০২৩ এর","এবং পরিপত্র নং ১২/২০২৪ ব্যাংক ও আর্থিক প্রতিষ্ঠান"
05_tax_schedules_simulation.json,05_tax_schedules_simulation.json,schedule_reference,"তৃতীয় তফসিলে",schedule_3,0.600,,,,,,,,"ব্যাংক ও আর্থিক প্রতিষ্ঠান ৪০% আয়কর আইন, ২০২৩ এর","র বিশেষ বিধান মোবাইল ফোন অপারেটর ৪৫% উক্ত তফসিলের"
05_tax_schedules_simulation.json,05_tax_schedules_simulation.json,schedule_reference,"দ্বিতীয় তফসিল",schedule_2,0.600,,,,,,,,"ডের পরিপত্র নং ০৯/২০২৪ অনুযায়ী অন্যান্য অব্যাহতি","সর্বনিম্ন কর আয়কর আইন, ২০২৩ এর ১৬৩তম ধারা এবং অর"
05_tax_schedules_simulation.json,05_tax_schedules_simulation.json,schedule_reference,"প্রথম তফসিলে",schedule_1,0.600,,,,,,,,"গণনা - মোট আয়ের ০.৫% নিয়মিত পদ্ধতিতে কর গণনা -","র ১ম অংশ অনুযায়ী দুইটির মধ্যে যেইটি বেশি সেইটি প্"
05_tax_schedules_simulation.json,05_tax_schedules_simulation.json,schedule_reference,"তৃতীয় তফসিল",schedule_3,0.600,,,,,,,,"অংশ অনুযায়ী দুইটির মধ্যে যেইটি বেশি সেইটি প্রদান","আপিল ও ফি আয়কর আইন, ২০২৩ এর ২৮৬তম ধারা এবং পরিপত"
05_tax_schedules_simulation.json,ordinance_১৯৮৪_simulation.json,ordinance_reference,"০০০ টাকা উক্ত পরিপত্রের সর্বোচ্চ ফি প্রাকৃতিক দুর্যোগ - অতিরিক্ত ৩০ দিন (সাধারণ আদেশ নং ১৬/২০২৪) চিকিৎসা জনিত কারণ - সনদসহ অতিরিক্ত ৩০ দিন আয়কর অধ্যাদেশ, ১৯৮৪ এর ২৮৫ ধারায়",section_২৮৫,1.000,,১৯৮৪,২৮৫,,,,,"পরিপত্রের ধারাবাহিক তালিকা ১০ লক্ষ টাকার অধিক ৫০,","বর্ণিত অন্যান্য বিশেষ ক্ষেত্র ২য় অংশ আপিল নিষ্পত"
05_tax_schedules_simulation.json,ordinance_১৯৮৪_simulation.json,ordinance_reference," বর্ণিত অন্যান্য বিশেষ ক্ষেত্র ২য় অংশ আপিল নিষ্পত্তি পদ্ধতি পরিপত্র নং ০৮/২০২৪ এবং আয়কর অধ্যাদেশ, ১৯৮৪ এর ২৮৫ ধারায়",section_২৮৫,1.000,,১৯৮৪,২৮৫,,,,,"অতিরিক্ত ৩০ দিন আয়কর অধ্যাদেশ, ১৯৮৪ এর ২৮৫ ধারায়","বর্ণিত পদ্ধতি অনুযায়ী আপিল নিষ্পত্তি: আপিল গ্রহণ"
05_tax_schedules_simulation.json,ordinance_১৯৮৪_simulation.json,ordinance_reference," বর্ণিত পদ্ধতি অনুযায়ী আপিল নিষ্পত্তি: আপিল গ্রহণ ১৫ দিন আপিল দাখিলের পর প্রাথমিক যাচাই ও গ্রহণ পরিপত্র নং ০৮/২০২৪ এর ২য় ধারা তথ্য সংগ্রহ ৩০ দিন সংশ্লিষ্ট কর কার্যালয় হইতে নথিপত্র সংগ্রহ আয়কর অধ্যাদেশ, ১৯৮৪ এর ২৮৫ ধারার",section_২৮৫,1.000,,১৯৮৪,২৮৫,,,,,"নং ০৮/২০২৪ এবং আয়কর অধ্যাদেশ, ১৯৮৪ এর ২৮৫ ধারায়","উপ-ধারা (২) শুনানি ৬০ দিন আপিলকারী ও সংশ্লিষ্ট কর"
05_tax_schedules_simulation.json,ordinance_১৯৮৪_simulation.json,ordinance_reference," ২০২৪ আয়কর অধ্যাদেশ, ১৯৮৪ এর ২৮৫ ধারা",section_২৮৫,1.000,,১৯৮৪,২৮৫,,,,,"আইন, ২০২৪ এর ৬ম ও ৮ম ধারা উৎসে কর কর্তন বিধিমালা,","জাতীয় রাজস্ব বোর্ডের পরিপত্র নং ০৫-১৪/২০২৪ এসআরও"
06_tds_rules_simulation.json,01_income_tax_act_simulation.json,act_reference,"আয়কর আইন, ২০২৩ (২০২৩ সনের ১২ নং আইন) এর ৮৫তম ধারায়",section_৮৫_subsection_১২,1.000,আয়কর আইন,২০২৩,৮৫,১২,,,,"প্রদত্ত ক্ষমতাবলে ২০২৪-০৬-৩০ ২০২৪-০৭-০১ 2024 1.0","প্রদত্ত ক্ষমতাবলে এবং অর্থ আইন, ২০২৪ (২০২৪ সনের ০"
06_tds_rules_simulation.json,02_finance_act_simulation.json,act_reference,"অর্থ আইন, ২০২৪ (২০২৪ সনের ০৫ নং আইন) এর ৭ম ধারায়",section_৭_subsection_০৫,1.000,অর্থ আইন,২০২৪,৭,০৫,,,,"র ১২ নং আইন) এর ৮৫তম ধারায় প্রদত্ত ক্ষমতাবলে এবং","বর্ণিত সংশোধনী সাপেক্ষে, জাতীয় রাজস্ব বোর্ড নিম্"
06_tds_rules_simulation.json,01_income_tax_act_simulation.json,act_reference,"আয়কর আইন, ২০২৩ এর ৮৫তম ধারা",section_৮৫_subsection_২০২৩,1.000,আয়কর আইন,২০২৩,৮৫,২০২৩,,,,"উৎসে কর কর্তন বিধিমালা, ২০২৪ জাতীয় রাজস্ব বোর্ড","প্রদত্ত ক্ষমতাবলে ২০২৪-০৬-৩০ ২০২৪-০৭-০১ 2024 1.0"
06_tds_rules_simulation.json,01_income_tax_act_simulation.json,act_reference,"আয়কর আইন, ২০২৩ এর ৮৫তম ধারায়",section_৮৫_subsection_২০২৩,1.000,আয়কর আইন,২০২৩,৮৫,২০২৩,,,,"ত হইবে। (২) এই বিধিমালা অবিলম্বে কার্যকর হইবে এবং","বর্ণিত উৎসে কর কর্তনের সাধারণ নীতির সাথে সামঞ্জস্"
06_tds_rules_simulation.json,01_income_tax_act_simulation.json,act_reference,"আয়কর আইন, ২০২৩ এর ৮৫তম ধারায়",section_৮৫_subsection_২০২৩,1.000,আয়কর আইন,২০২৩,৮৫,২০২৩,,,,"হিত হইবে। ২ এই বিধিমালা অবিলম্বে কার্যকর হইবে এবং","বর্ণিত উৎসে কর কর্তনের সাধারণ নীতির সাথে সামঞ্জস্"
06_tds_rules_simulation.json,01_income_tax_act_simulation.json,act_reference,"আয়কর আইন, ২০২৩ এর ৮৫তম ধারা",section_৮৫_subsection_২০২৩,1.000,আয়কর আইন,২০২৩,৮৫,২০২৩,,,,"নীতির সাথে সামঞ্জস্যপূর্ণভাবে প্রয়োগ করিতে হইবে।","অর্থ আইন, ২০২৪ এর ৭ম ধারা ২ সংজ্ঞা ২। এই বিধিমালা"
06_tds_rules_simulation.json,02_finance_act_simulation.json,act_reference,"অর্থ আইন, ২০২৪ এর ৭ম ধারা",section_৭_subsection_২০২৪,1.000,অর্থ আইন,২০২৪,৭,২০২৪,,,,"প্রয়োগ করিতে হইবে। আয়কর আইন, ২০২৩ এর ৮৫তম ধারা","২ সংজ্ঞা ২। এই বিধিমালায় ব্যবহৃত শব্দাবলীর অর্থ"
06_tds_rules_simulation.json,01_income_tax_act_simulation.json,act_reference,"আয়কর আইন, ২০২৩ এর ২য় ধারায়",section_২_subsection_২০২৩,1.000,আয়কর আইন,২০২৩,২,২০২৩,,,,"২ সংজ্ঞা ২। এই বিধিমালায় ব্যবহৃত শব্দাবলীর অর্থ","প্রদত্ত সংজ্ঞার অনুরূপ হইবে এবং প্রসঙ্গক্রমে ভিন্"
06_tds_rules_simulation.json,01_income_tax_act_simulation.json,act_reference,"আয়কর আইন, ২০২৩ এর ৮৫তম ধারা",section_৮৫_subsection_২০২৩,1.000,আয়কর আইন,২০২৩,৮৫,২০২৩,,,,"পাইলে নিম্নলিখিত সংজ্ঞা প্রযোজ্য হইবে: কর্তনকারী","অনুযায়ী উৎসে কর কর্তন করিতে বাধ্য যেকোনো ব্যক্তি"
06_tds_rules_simulation.json,01_income_tax_act_simulation.json,act_reference,"আয়কর আইন, ২০২৩ এর ৮৫তম ধারা",section_৮৫_subsection_২০২৩,1.000,আয়কর আইন,২০২৩,৮৫,২০২৩,,,,"অতিরিক্ত শর্তাবলী সাপেক্ষে। প্রাপক যাহার আয় হইতে","অনুযায়ী উৎসে কর কর্তন করা হয় এবং উক্ত আইনের প্র"
06_tds_rules_simulation.json,01_income_tax_act_simulation.json,act_reference,"আয়কর আইন, ২০২৩ এর ৮৫তম ধারার উপ-ধারা (১)",section_৮৫_subsection_১,1.000,আয়কর আইন,২০২৩,৮৫,১,,,,"নং ২৪১/২০২৪ ৩ ঠিকাদারি কার্যক্রম হইতে কর কর্তন ৩।","এবং উক্ত আইনের প্রথম তফসিলের ৩য় অংশে বর্ণিত বিধা"
06_tds_rules_simulation.json,01_income_tax_act_simulation.json,act_reference,"আয়কর আইন, ২০২৩ এর ৮৫তম ধারার উপ-ধারা (৩)",section_৮৫_subsection_৩,1.000,আয়কর আইন,২০২৩,৮৫,৩,,,,"যাহতি প্রযোজ্য হইবে। ৪ অনাবাসী ঠিকাদারের ক্ষেত্রে","অনুযায়ী ৩০% হারে কর কর্তন করিতে হইবে এবং উক্ত আই"
06_tds_rules_simulation.json,01_income_tax_act_simulation.json,act_reference,"আয়কর আইন, ২০২৩ এর ৮৫তম ধারায়",section_৮৫_subsection_২০২৩,1.000,আয়কর আইন,২০২৩,৮৫,২০২৩,,,,"ক্তি বাস্তবায়ন প্রকল্প অন্যান্য ঠিকাদারি সেবা যা","অন্তর্ভুক্ত ৫০,০০০ টাকার নিচে একক প্রদান সরকারি প"
06_tds_rules_simulation.json,01_income_tax_act_simulation.json,act_reference,"আয়কর আইন, ২০২৩ এর ৮৫তম ধারা",section_৮৫_subsection_২০২৩,1.000,আয়কর আইন,২০২৩,৮৫,২০২৩,,,,"লেনদেন পরিপত্র নং ০৯/২০২৪ এ বর্ণিত বিশেষ অব্যাহতি","আয়কর আইন, ২০২৩ এর প্রথম তফসিলের ৩য় অংশ এসআরও নং"
06_tds_rules_simulation.json,01_income_tax_act_simulation.json,act_reference,"আয়কর আইন, ২০২৩ এর ৮৫তম ধারার উপ-ধারা (২)",section_৮৫_subsection_২,1.000,আয়কর আইন,২০২৩,৮৫,২,,,,"রিপত্র নং ০৯/২০২৪ ৪ পেশাদার সেবা হইতে কর কর্তন ৪।","এবং অর্থ আইন, ২০২৪ এর ৭ম ধারার উপ-ধারা (২) অনুযায"
06_tds_rules_simulation.json,02_finance_act_simulation.json,act_reference,"অর্থ আইন, ২০২৪ এর ৭ম ধারার উপ-ধারা (২)",section_৭_subsection_২,1.000,অর্থ আইন,২০২৪,৭,২,,,,"৪। আয়কর আইন, ২০২৩ এর ৮৫তম ধারার উপ-ধারা (২) এবং","অনুযায়ী পেশাদার সেবার ক্ষেত্রে নিম্নলিখিত হারে উ"
06_tds_rules_simulation.json,02_finance_act_simulation.json,act_reference,"অর্থ আইন, ২০২৪ এর ৭ম ধারার উপ-ধারা (২)",section_৭_subsection_২,1.000,অর্থ আইন,২০২৪,৭,২,,,,"য় ধারা অনুযায়ী ১৫% হারে কর কর্তন করিতে হইবে এবং","এ বর্ণিত বিশেষ শর্তাবলী প্রযোজ্য থাকিবে। ৩ অনাবাস"
06_tds_rules_simulation.json,01_income_tax_act_simulation.json,act_reference,"আয়কর আইন, ২০২৩ এর ৮৫তম ধারার উপ-ধারা (৩)",section_৮৫_subsection_৩,1.000,আয়কর আইন,২০২৩,৮৫,৩,,,,"য থাকিবে। ৩ অনাবাসী পেশাদার সেবাদানকারীর ক্ষেত্রে","অনুযায়ী ৩০% হারে কর কর্তন করিতে হইবে। ৪ এই নিয়ম"
06_tds_rules_simulation.json,01_income_tax_act_simulation.json,act_reference,"আয়কর আইন, ২০২৩ এর ৮৫তম ধারা",section_৮৫_subsection_২০২৩,1.000,আয়কর আইন,২০২৩,৮৫,২০২৩,,,,"০ টাকা ৪৪,০০০ টাকা আয়কর আইন, ২০২৩ এর প্রথম তফসিল","অর্থ আইন, ২০২৪ এর ৭ম ধারার উপ-ধারা (২) আয়কর আইন,"
06_tds_rules_simulation.json,02_finance_act_simulation.json,act_reference,"অর্থ আইন, ২০২৪ এর ৭ম ধারার উপ-ধারা (২)",section_৭_subsection_২,1.000,অর্থ আইন,২০২৪,৭,২,,,,"২০২৩ এর প্রথম তফসিল আয়কর আইন, ২০২৩ এর ৮৫তম ধারা","আয়কর আইন, ২০২৩ এর প্রথম তফসিলের ৩য় অংশ এসআরও নং"
06_tds_rules_simulation.json,01_income_tax_act_simulation.json,act_reference,"আয়কর আইন, ২০২৩ এর ৮৫তম ধারার উপ-ধারা (৩)",section_৮৫_subsection_৩,1.000,আয়কর আইন,২০২৩,৮৫,৩,,,,"বিধিমালার ৫ম নিয়ম ৫ অনাবাসী আয় হইতে কর কর্তন ৫।","এবং উক্ত আইনের প্রথম তফসিলের ৩য় অংশে বর্ণিত বিধা"
06_tds_rules_simulation.json,01_income_tax_act_simulation.json,act_reference,"আয়কর আইন, ২০২৩ এর ৮৫তম ধারার উপ-ধারা (৩)",section_৮৫_subsection_৩,1.000,আয়কর আইন,২০২৩,৮৫,৩,,,,"অনাবাসী কোম্পানির লভ্যাংশ ও সুদ প্রদানের ক্ষেত্রে","অনুযায়ী ৩০% হার এবং সংশ্লিষ্ট DTAA এর বিধান প্রয"
06_tds_rules_simulation.json,01_income_tax_act_simulation.json,act_reference,"আয়কর আইন, ২০২৩ এর ২৮৬তম ধারায়",section_২৮৬_subsection_২০২৩,1.000,আয়কর আইন,২০২৩,২৮৬,২০২৩,,,,"াকার প্রমাণপত্র সেবা চুক্তিপত্র ও বিস্তারিত বিবরণ","বর্ণিত অন্যান্য কাগজপত্র আয়কর আইন, ২০২৩ এর ৮৫তম"
06_tds_rules_simulation.json,01_income_tax_act_simulation.json,act_reference,"আয়কর আইন, ২০২৩ এর ৮৫তম ধারার উপ-ধারা (৩)",section_৮৫_subsection_৩,1.000,আয়কর আইন,২০২৩,৮৫,৩,,,,"ইন, ২০২৩ এর ২৮৬তম ধারায় বর্ণিত অন্যান্য কাগজপত্র","আয়কর আইন, ২০২৩ এর প্রথম তফসিলের ৩য় অংশ আয়কর আই"
06_tds_rules_simulation.json,01_income_tax_act_simulation.json,act_reference,"আয়কর আইন, ২০২৩ এর ২৮৬তম ধারা",section_২৮৬_subsection_২০২৩,1.000,আয়কর আইন,২০২৩,২৮৬,২০২৩,,,,"ধারা (৩) আয়কর আইন, ২০২৩ এর প্রথম তফসিলের ৩য় অংশ","এসআরও নং ২৪১/২০২৪ এর ৩য় ধারা এই বিধিমালার ৪র্থ ন"
06_tds_rules_simulation.json,01_income_tax_act_simulation.json,act_reference,"আয়কর আইন, ২০২৩ এর ৮৫তম ধারা",section_৮৫_subsection_২০২৩,1.000,আয়কর আইন,২০২৩,৮৫,২০২৩,,,,"িধিমালার ৪র্থ নিয়ম ৬ সুদ প্রদান হইতে কর কর্তন ৬।","এবং উক্ত আইনের প্রথম তফসিলের ৩য় অংশে বর্ণিত বিধা"
06_tds_rules_simulation.json,01_income_tax_act_simulation.json,act_reference,"আয়কর আইন, ২০২৩ এর ৫ম ধারায়",section_৫_subsection_২০২৩,1.000,আয়কর আইন,২০২৩,৫,২০২৩,,,,"্রদানের ক্ষেত্রে ১০% হারে কর কর্তন করিতে হইবে এবং","বর্ণিত সাধারণ কর ধার্যের সাথে সমন্বয় করিতে হইবে।"
06_tds_rules_simulation.json,01_income_tax_act_simulation.json,act_reference,"আয়কর আইন, ২০২৩ এর ৮ম ধারায়",section_৮_subsection_২০২৩,1.000,আয়কর আইন,২০২৩,৮,২০২৩,,,,"ণ অব্যাহতি সরকারি প্রতিষ্ঠানের মধ্যকার সুদ লেনদেন","বর্ণিত করমুক্ত সীমার মধ্যে সুদ আয়কর আইন, ২০২৩ এর"
06_tds_rules_simulation.json,01_income_tax_act_simulation.json,act_reference,"আয়কর আইন, ২০২৩ এর ৮৫তম ধারা",section_৮৫_subsection_২০২৩,1.000,আয়কর আইন,২০২৩,৮৫,২০২৩,,,,"২০২৩ এর ৮ম ধারায় বর্ণিত করমুক্ত সীমার মধ্যে সুদ","আয়কর আইন, ২০২৩ এর ৫ম ও ৮ম ধারা আয়কর আইন, ২০২৩ এ"
06_tds_rules_simulation.json,01_income_tax_act_simulation.json,act_reference,"আয়কর আইন, ২০২৩ এর ৮৫তম ধারা",section_৮৫_subsection_২০২৩,1.000,আয়কর আইন,২০২৩,৮৫,২০২৩,,,,"িমালার ৫ম নিয়ম ৭ কর কর্তন ও জমাদানের সময়সীমা ৭।","এবং অর্থ আইন, ২০২৪ এর ৭ম ধারায় বর্ণিত বিধান অনুয"
06_tds_rules_simulation.json,02_finance_act_simulation.json,act_reference,"অর্থ আইন, ২০২৪ এর ৭ম ধারায়",section_৭_subsection_২০২৪,1.000,অর্থ আইন,২০২৪,৭,২০২৪,,,,"ানের সময়সীমা ৭। আয়কর আইন, ২০২৩ এর ৮৫তম ধারা এবং","বর্ণিত বিধান অনুযায়ী উৎসে কর কর্তন ও জমাদানের সম"
06_tds_rules_simulation.json,01_income_tax_act_simulation.json,act_reference,"আয়কর আইন, ২০২৩ এর ২৮৬তম ধারায়",section_২৮৬_subsection_২০২৩,1.000,আয়কর আইন,২০২৩,২৮৬,২০২৩,,,,"কর জমাদানের ১৫ দিনের মধ্যে প্রদান করিতে হইবে এবং","বর্ণিত ফরম্যাট অনুসরণ করিতে হইবে। ৩ বার্ষিক রিটার"
06_tds_rules_simulation.json,01_income_tax_act_simulation.json,act_reference,"আয়কর আইন, ২০২৩ এর ৮৫তম ধারার",section_৮৫_subsection_২০২৩,1.000,আয়কর আইন,২০২৩,৮৫,২০২৩,,,,"সময়মতো কর জমা না দেওয়া কর্তিত করের ২০% জরিমানা","দণ্ডবিধি কর্তন সনদ প্রদানে বিলম্ব প্রতিদিন ১,০০০"
06_tds_rules_simulation.json,01_income_tax_act_simulation.json,act_reference,"আয়কর আইন, ২০২৩ এর ২৮৬তম ধারা",section_২৮৬_subsection_২০২৩,1.000,আয়কর আইন,২০২৩,২৮৬,২০২৩,,,,"বার্ষিক রিটার্ন দাখিলে বিলম্ব ৫০,০০০ টাকা জরিমানা","আয়কর আইন, ২০২৩ এর ৮৫তম ধারা অর্থ আইন, ২০২৪ এর ৭ম"
06_tds_rules_simulation.json,01_income_tax_act_simulation.json,act_reference,"আয়কর আইন, ২০২৩ এর ৮৫তম ধারা",section_৮৫_subsection_২০২৩,1.000,আয়কর আইন,২০২৩,৮৫,২০২৩,,,,"৫০,০০০ টাকা জরিমানা আয়কর আইন, ২০২৩ এর ২৮৬তম ধারা","অর্থ আইন, ২০২৪ এর ৭ম ধারা আয়কর আইন, ২০২৩ এর ২৮৬ত"
06_tds_rules_simulation.json,02_finance_act_simulation.json,act_reference,"অর্থ আইন, ২০২৪ এর ৭ম ধারা",section_৭_subsection_২০২৪,1.000,অর্থ আইন,২০২৪,৭,২০২৪,,,,", ২০২৩ এর ২৮৬তম ধারা আয়কর আইন, ২০২৩ এর ৮৫তম ধারা","আয়কর আইন, ২০২৩ এর ২৮৬তম ধারা জাতীয় রাজস্ব বোর্ড"
06_tds_rules_simulation.json,01_income_tax_act_simulation.json,act_reference,"আয়কর আইন, ২০২৩ এর ২৮৬তম ধারা",section_২৮৬_subsection_২০২৩,1.000,আয়কর আইন,২০২৩,২৮৬,২০২৩,,,,"আইন, ২০২৩ এর ৮৫তম ধারা অর্থ আইন, ২০২৪ এর ৭ম ধারা","জাতীয় রাজস্ব বোর্ডের পরিপত্র নং ০৯/২০২৪ ৮ রেকর্ড"
06_tds_rules_simulation.json,01_income_tax_act_simulation.json,act_reference,"আয়কর আইন, ২০২৩ এর ৮৫তম ধারা",section_৮৫_subsection_২০২৩,1.000,আয়কর আইন,২০২৩,৮৫,২০২৩,,,,"্ব বোর্ডের পরিপত্র নং ০৯/২০২৪ ৮ রেকর্ড সংরক্ষণ ৮।","এবং উক্ত আইনের ২৮৬তম ধারায় বর্ণিত রেকর্ড সংরক্ষণ"
06_tds_rules_simulation.json,01_income_tax_act_simulation.json,act_reference,"আয়কর আইন, ২০২৩ এর ২৮৬তম ধারায়",section_২৮৬_subsection_২০২৩,1.000,আয়কর আইন,২০২৩,২৮৬,২০২৩,,,,"াণপত্র ও সনদ কমপক্ষে ৬ বছর সংরক্ষণ করিতে হইবে এবং","বর্ণিত নির্দেশনা অনুসরণ করিতে হইবে। ২ প্রদান ভাউচ"
06_tds_rules_simulation.json,01_income_tax_act_simulation.json,act_reference,"আয়কর আইন, ২০২৩ এর ৮৫তম ধারা",section_৮৫_subsection_২০২৩,1.000,আয়কর আইন,২০২৩,৮৫,২০২৩,,,,"মাদানের রসিদ বার্ষিক রিটার্ন ও সংশ্লিষ্ট কাগজপত্র","আয়কর আইন, ২০২৩ এর ২৮৬তম ধারা জাতীয় রাজস্ব বোর্ড"
06_tds_rules_simulation.json,01_income_tax_act_simulation.json,act_reference,"আয়কর আইন, ২০২৩ এর ২৮৬তম ধারা",section_২৮৬_subsection_২০২৩,1.000,আয়কর আইন,২০২৩,২৮৬,২০২৩,,,,"ও সংশ্লিষ্ট কাগজপত্র আয়কর আইন, ২০২৩ এর ৮৫তম ধারা","জাতীয় রাজস্ব বোর্ডের পরিপত্র নং ০৯/২০২৪ ৯ বিশেষ"
06_tds_rules_simulation.json,01_income_tax_act_simulation.json,act_reference,"আয়কর আইন, ২০২৩ এর ৮৫তম ধারা",section_৮৫_subsection_২০২৩,1.000,আয়কর আইন,২০২৩,৮৫,২০২৩,,,,"পরিপত্র নং ০৯/২০২৪ ৯ বিশেষ ক্ষেত্র ও অব্যাহতি ৯।","এবং এসআরও নং ২৪১/২০২৪ এ বর্ণিত বিশেষ বিধান সাপেক্"
06_tds_rules_simulation.json,01_income_tax_act_simulation.json,act_reference,"আয়কর আইন, ২০২৩ এর ৮৫তম ধারা",section_৮৫_subsection_২০২৩,1.000,আয়কর আইন,২০২৩,৮৫,২০২৩,,,,"আরও নং ২৩৫/২০২৪ রপ্তানি সেবা ১% এসআরও নং ২৩৫/২০২৪","আয়কর আইন, ২০২৩ এর প্রথম তফসিলের ৩য় অংশ এসআরও নং"
06_tds_rules_simulation.json,01_income_tax_act_simulation.json,act_reference,"আয়কর আইন, ২০২৩ এর ৮৫তম ধারা",section_৮৫_subsection_২০২৩,1.000,আয়কর আইন,২০২৩,৮৫,২০২৩,,,,"কর্তন সংক্রান্ত সকল বিধি ও প্রবিধান রহিত হইবে তবে","এবং অর্থ আইন, ২০২৪ এর ৭ম ধারার সাথে সাংঘর্ষিক নয়"
06_tds_rules_simulation.json,02_finance_act_simulation.json,act_reference,"অর্থ আইন, ২০২৪ এর ৭ম ধারার",section_৭_subsection_২০২৪,1.000,অর্থ আইন,২০২৪,৭,২০২৪,,,,"ান রহিত হইবে তবে আয়কর আইন, ২০২৩ এর ৮৫তম ধারা এবং","সাথে সাংঘর্ষিক নয় এমন বিধান বহাল থাকিবে। ১ এই বি"
06_tds_rules_simulation.json,01_income_tax_act_simulation.json,act_reference,"আয়কর আইন, ২০২৩ এর ৮৫তম ধারায়",section_৮৫_subsection_২০২৩,1.000,আয়কর আইন,২০২৩,৮৫,২০২৩,,,,"ত সকল কার্যক্রম ও লেনদেন বৈধ বলিয়া গণ্য হইবে এবং","বর্ণিত সাধারণ নীতির সাথে সামঞ্জস্যপূর্ণ। ২ কোনো ব"
06_tds_rules_simulation.json,01_income_tax_act_simulation.json,act_reference,"আয়কর আইন, ২০২৩ এর ২৮৬তম ধারায়",section_২৮৬_subsection_২০২৩,1.000,আয়কর আইন,২০২৩,২৮৬,২০২৩,,,,"থে সামঞ্জস্যপূর্ণ। ২ কোনো বিষয়ে সন্দেহ দেখা দিলে","বর্ণিত পদ্ধতি অনুসরণ করিতে হইবে এবং জাতীয় রাজস্ব"
06_tds_rules_simulation.json,01_income_tax_act_simulation.json,act_reference,"আয়কর আইন, ২০২৩ এর ৮৫তম ধারা",section_৮৫_subsection_২০২৩,1.000,আয়কর আইন,২০২৩,৮৫,২০২৩,,,,"বিধিমালা অনুযায়ী রেকর্ড আপডেটের জন্য ৩ মাস সময়","অর্থ আইন, ২০২৪ এর ৭ম ধারা আয়কর আইন, ২০২৩ এর ২৮৬ত"
06_tds_rules_simulation.json,02_finance_act_simulation.json,act_reference,"অর্থ আইন, ২০২৪ এর ৭ম ধারা",section_৭_subsection_২০২৪,1.000,অর্থ আইন,২০২৪,৭,২০২৪,,,,"েটের জন্য ৩ মাস সময় আয়কর আইন, ২০২৩ এর ৮৫তম ধারা","আয়কর আইন, ২০২৩ এর ২৮৬তম ধারা তফসিল-১ উৎসে কর কর্"
06_tds_rules_simulation.json,01_income_tax_act_simulation.json,act_reference,"আয়কর আইন, ২০২৩ এর ২৮৬তম ধারা",section_২৮৬_subsection_২০২৩,1.000,আয়কর আইন,২০২৩,২৮৬,২০২৩,,,,"আইন, ২০২৩ এর ৮৫তম ধারা অর্থ আইন, ২০২৪ এর ৭ম ধারা","তফসিল-১ উৎসে কর কর্তনের হার তালিকা ঠিকাদারি কার্য"
06_tds_rules_simulation.json,01_income_tax_act_simulation.json,act_reference,"আয়কর আইন, ২০২৩ এর ৮৫তম ধারা",section_৮৫_subsection_২০২৩,1.000,আয়কর আইন,২০২৩,৮৫,২০২৩,,,,"সুদ প্রদান ১০% ৩০% (অনাবাসীদের ক্ষেত্রে) নিয়ম ৬","অর্থ আইন, ২০২৪ এর ৭ম ধারা আয়কর আইন, ২০২৩ এর প্রথ"
06_tds_rules_simulation.json,02_finance_act_simulation.json,act_reference,"অর্থ আইন, ২০২৪ এর ৭ম ধারা",section_৭_subsection_২০২৪,1.000,অর্থ আইন,২০২৪,৭,২০২৪,,,,"ের ক্ষেত্রে) নিয়ম ৬ আয়কর আইন, ২০২৩ এর ৮৫তম ধারা","আয়কর আইন, ২০২৩ এর প্রথম তফসিলের ৩য় অংশ এসআরও নং"
06_tds_rules_simulation.json,01_income_tax_act_simulation.json,act_reference,"আয়কর আইন, ২০২৩ এর ২৮৬তম ধারা",section_২৮৬_subsection_২০২৩,1.000,আয়কর আইন,২০২৩,২৮৬,২০২৩,,,,"নং ২৩৫/২০২৪ এসআরও নং ২৪১/২০২৪ পরিপত্র নং ০৯/২০২৪","আয়কর আইন, ২০২৩ অর্থ আইন, ২০২৪ জাতীয় রাজস্ব বোর্"
06_tds_rules_simulation.json,06_tds_rules_simulation.json,contextual_act_reference,"উক্ত আইনের ২৮৬তম ধারায়",section_২৮৬,0.850,উক্ত আইন,,২৮৬,,,,,"েকর্ড সংরক্ষণ ৮। আয়কর আইন, ২০২৩ এর ৮৫তম ধারা এবং","বর্ণিত রেকর্ড সংরক্ষণের বিধান অনুযায়ী উৎসে কর কর"
06_tds_rules_simulation.json,04_sro_notification_simulation.json,sro_reference,"এসআরও নং ২৪১/২০২৪",sro_২৪১_২০২৪,1.000,,,,,,২৪১/২০২৪,,"ল্লিখিত সেবা বা কার্যক্রমের জন্য প্রদেয় অর্থ এবং","এ বর্ণিত বিশেষ ক্ষেত্রের প্রদান। আয়কর আইন, ২০২৩"
06_tds_rules_simulation.json,04_sro_notification_simulation.json,sro_reference,"এসআরও নং ২৪১/২০২৪",sro_২৪১_২০২৪,1.000,,,,,,২৪১/২০২৪,,"৩য় অংশ জাতীয় রাজস্ব বোর্ডের পরিপত্র নং ০৯/২০২৪","৩ ঠিকাদারি কার্যক্রম হইতে কর কর্তন ৩। আয়কর আইন,"
06_tds_rules_simulation.json,04_sro_notification_simulation.json,sro_reference,"এসআরও নং ২৪১/২০২৪",sro_২৪১_২০২৪,1.000,,,,,,২৪১/২০২৪,,"ি প্রকল্প (১ কোটি টাকার অধিক মূল্যের) এর ক্ষেত্রে","এর ১ম ধারা অনুযায়ী ১০% হারে কর কর্তন করিতে হইবে"
06_tds_rules_simulation.json,04_sro_notification_simulation.json,sro_reference,"এসআরও নং ২৪১/২০২৪",sro_২৪১_২০২৪,1.000,,,,,,২৪১/২০২৪,,"ঠান কর্তৃক সম্পাদিত ঠিকাদারি কার্যক্রমের ক্ষেত্রে","এ বর্ণিত অব্যাহতি প্রযোজ্য হইবে। ৪ অনাবাসী ঠিকাদা"
06_tds_rules_simulation.json,04_sro_notification_simulation.json,sro_reference,"এসআরও নং ২৪১/২০২৪",sro_২৪১_২০২৪,1.000,,,,,,২৪১/২০২৪,,"৫তম ধারা আয়কর আইন, ২০২৩ এর প্রথম তফসিলের ৩য় অংশ","এর ১ম ধারা জাতীয় রাজস্ব বোর্ডের পরিপত্র নং ০৯/২০"
06_tds_rules_simulation.json,04_sro_notification_simulation.json,sro_reference,"এসআরও নং ২৪১/২০২৪",sro_২৪১_২০২৪,1.000,,,,,,২৪১/২০২৪,,"(চিকিৎসা, আইনি ও প্রযুক্তিগত পরামর্শ) এর ক্ষেত্রে","এর ২য় ধারা অনুযায়ী ১৫% হারে কর কর্তন করিতে হইবে"
06_tds_rules_simulation.json,04_sro_notification_simulation.json,sro_reference,"এসআরও নং ২৪১/২০২৪",sro_২৪১_২০২৪,1.000,,,,,,২৪১/২০২৪,,"পরামর্শ ১,০০,০০০ টাকা ১৫% ১৫,০০০ টাকা ৮৫,০০০ টাকা","সাধারণ পরামর্শ ৫০,০০০ টাকা ১২% ৬,০০০ টাকা ৪৪,০০০"
06_tds_rules_simulation.json,04_sro_notification_simulation.json,sro_reference,"এসআরও নং ২৪১/২০২৪",sro_২৪১_২০২৪,1.000,,,,,,২৪১/২০২৪,,"ধারা (২) আয়কর আইন, ২০২৩ এর প্রথম তফসিলের ৩য় অংশ","এর ২য় ধারা এই বিধিমালার ৫ম নিয়ম ৫ অনাবাসী আয় হ"
06_tds_rules_simulation.json,04_sro_notification_simulation.json,sro_reference,"এসআরও নং ২৪১/২০২৪",sro_২৪১_২০২৪,1.000,,,,,,২৪১/২০২৪,,"ংশ্লিষ্ট চুক্তিতে নির্ধারিত হার প্রযোজ্য হইবে এবং","এর ৩য় ধারায় বর্ণিত বিশেষ বিধান অনুসরণ করিতে হইব"
06_tds_rules_simulation.json,04_sro_notification_simulation.json,sro_reference,"এসআরও নং ২৪১/২০২৪",sro_২৪১_২০২৪,1.000,,,,,,২৪১/২০২৪,,"রথম তফসিলের ৩য় অংশ আয়কর আইন, ২০২৩ এর ২৮৬তম ধারা","এর ৩য় ধারা এই বিধিমালার ৪র্থ নিয়ম ৬ সুদ প্রদান"
06_tds_rules_simulation.json,04_sro_notification_simulation.json,sro_reference,"এসআরও নং ২৪১/২০২৪",sro_২৪১_২০২৪,1.000,,,,,,২৪১/২০২৪,,"্র ও অব্যাহতি ৯। আয়কর আইন, ২০২৩ এর ৮৫তম ধারা এবং","এ বর্ণিত বিশেষ বিধান সাপেক্ষে নিম্নলিখিত ক্ষেত্রে"
06_tds_rules_simulation.json,04_sro_notification_simulation.json,sro_reference,"এসআরও নং ২৪১/২০২৪",sro_২৪১_২০২৪,1.000,,,,,,২৪১/২০২৪,,"সরকারি প্রতিষ্ঠান ও স্থানীয় সরকার প্রতিষ্ঠানসমূহ","অনুযায়ী উৎসে কর কর্তন হইতে সম্পূর্ণ অব্যাহতিপ্রা"
06_tds_rules_simulation.json,04_sro_notification_simulation.json,sro_reference,"এসআরও নং ২৩৫/২০২৪",sro_২৩৫_২০২৪,1.000,,,,,,২৩৫/২০২৪,,"ম্পূর্ণ অব্যাহতিপ্রাপ্ত। ২ রপ্তানি আয়ের ক্ষেত্রে","এর ৩য় ধারা অনুযায়ী ১% হারে কর কর্তন এবং আয়কর আ"
06_tds_rules_simulation.json,04_sro_notification_simulation.json,sro_reference,"এসআরও নং ২৩৫/২০২৪",sro_২৩৫_২০২৪,1.000,,,,,,২৩৫/২০২৪,,"য প্রযুক্তি ও নবায়নযোগ্য জ্বালানি খাতের ক্ষেত্রে","এর ১ম ও ২য় ধারা অনুযায়ী বিশেষ হার ও অব্যাহতি প্"
06_tds_rules_simulation.json,04_sro_notification_simulation.json,sro_reference,"এসআরও নং ২৩৫/২০২৪",sro_২৩৫_২০২৪,1.000,,,,,,২৩৫/২০২৪,,"র্দেশনা অনুসরণ করিতে হইবে। তথ্য প্রযুক্তি সেবা ৫%","নবায়নযোগ্য জ্বালানি অব্যাহতি (৫ বছর) এসআরও নং ২৩"
06_tds_rules_simulation.json,04_sro_notification_simulation.json,sro_reference,"এসআরও নং ২৩৫/২০২৪",sro_২৩৫_২০২৪,1.000,,,,,,২৩৫/২০২৪,,"নং ২৩৫/২০২৪ নবায়নযোগ্য জ্বালানি অব্যাহতি (৫ বছর)","রপ্তানি সেবা ১% এসআরও নং ২৩৫/২০২৪ আয়কর আইন, ২০২৩"
06_tds_rules_simulation.json,04_sro_notification_simulation.json,sro_reference,"এসআরও নং ২৩৫/২০২৪",sro_২৩৫_২০২৪,1.000,,,,,,২৩৫/২০২৪,,"ব্যাহতি (৫ বছর) এসআরও নং ২৩৫/২০২৪ রপ্তানি সেবা ১%","আয়কর আইন, ২০২৩ এর ৮৫তম ধারা আয়কর আইন, ২০২৩ এর প"
06_tds_rules_simulation.json,04_sro_notification_simulation.json,sro_reference,"এসআরও নং ২৩৫/২০২৪",sro_২৩৫_২০২৪,1.000,,,,,,২৩৫/২০২৪,,"৫তম ধারা আয়কর আইন, ২০২৩ এর প্রথম তফসিলের ৩য় অংশ","এসআরও নং ২৪১/২০২৪ জাতীয় রাজস্ব বোর্ডের পরিপত্র ন"
06_tds_rules_simulation.json,04_sro_notification_simulation.json,sro_reference,"এসআরও নং ২৪১/২০২৪",sro_২৪১_২০২৪,1.000,,,,,,২৪১/২০২৪,,", ২০২৩ এর প্রথম তফসিলের ৩য় অংশ এসআরও নং ২৩৫/২০২৪","জাতীয় রাজস্ব বোর্ডের পরিপত্র নং ০৯/২০২৪ ১০ রহিতক"
06_tds_rules_simulation.json,04_sro_notification_simulation.json,sro_reference,"এসআরও নং ২৪১/২০২৪",sro_২৪১_২০২৪,1.000,,,,,,২৪১/২০২৪,,"কার্যক্রম ৭% ১০% (১ কোটি টাকার অধিক) নিয়ম ৩ এবং","পেশাদার সেবা ১২% ১৫% (বিশেষ পেশাদার সেবা) নিয়ম ৪"
06_tds_rules_simulation.json,04_sro_notification_simulation.json,sro_reference,"এসআরও নং ২৪১/২০২৪",sro_২৪১_২০২৪,1.000,,,,,,২৪১/২০২৪,,"দার সেবা ১২% ১৫% (বিশেষ পেশাদার সেবা) নিয়ম ৪ এবং","অনাবাসী আয় ৩০% DTAA অনুযায়ী ভিন্ন হার নিয়ম ৫ এ"
06_tds_rules_simulation.json,04_sro_notification_simulation.json,sro_reference,"এসআরও নং ২৩৫/২০২৪",sro_২৩৫_২০২৪,1.000,,,,,,২৩৫/২০২৪,,"৭ম ধারা আয়কর আইন, ২০২৩ এর প্রথম তফসিলের ৩য় অংশ","এসআরও নং ২৪১/২০২৪ পরিপত্র নং ০৯/২০২৪ আয়কর আইন, ২"
06_tds_rules_simulation.json,04_sro_notification_simulation.json,sro_reference,"এসআরও নং ২৪১/২০২৪",sro_২৪১_২০২৪,1.000,,,,,,২৪১/২০২৪,,", ২০২৩ এর প্রথম তফসিলের ৩য় অংশ এসআরও নং ২৩৫/২০২৪","পরিপত্র নং ০৯/২০২৪ আয়কর আইন, ২০২৩ এর ২৮৬তম ধারা"
06_tds_rules_simulation.json,04_sro_notification_simulation.json,sro_reference,"এসআরও নং ২৩৫/২০২৪",sro_২৩৫_২০২৪,1.000,,,,,,২৩৫/২০২৪,,"ইন, ২০২৪ জাতীয় রাজস্ব বোর্ডের পরিপত্র নং ০৯/২০২৪",", ২৪১/২০২৪"
06_tds_rules_simulation.json,04_sro_notification_simulation.json,sro_reference,"এসআরও নং ২৪১/২০২৪ এর ১ম ধারা",sro_২৪১_২০২৪_section_১,1.000,,,১,,,২৪১/২০২৪,,"ি প্রকল্প (১ কোটি টাকার অধিক মূল্যের) এর ক্ষেত্রে","অনুযায়ী ১০% হারে কর কর্তন করিতে হইবে এবং আয়কর আ"
06_tds_rules_simulation.json,04_sro_notification_simulation.json,sro_reference,"এসআরও নং ২৪১/২০২৪ এর ১ম ধারা",sro_২৪১_২০২৪_section_১,1.000,,,১,,,২৪১/২০২৪,,"৫তম ধারা আয়কর আইন, ২০২৩ এর প্রথম তফসিলের ৩য় অংশ","জাতীয় রাজস্ব বোর্ডের পরিপত্র নং ০৯/২০২৪ ৪ পেশাদা"
06_tds_rules_simulation.json,04_sro_notification_simulation.json,sro_reference,"এসআরও নং ২৪১/২০২৪ এর ২য় ধারা",sro_২৪১_২০২৪_section_২,1.000,,,২,,,২৪১/২০২৪,,"(চিকিৎসা, আইনি ও প্রযুক্তিগত পরামর্শ) এর ক্ষেত্রে","অনুযায়ী ১৫% হারে কর কর্তন করিতে হইবে এবং অর্থ আই"
06_tds_rules_simulation.json,04_sro_notification_simulation.json,sro_reference,"এসআরও নং ২৪১/২০২৪ এর ২য় ধারা",sro_২৪১_২০২৪_section_২,1.000,,,২,,,২৪১/২০২৪,,"ধারা (২) আয়কর আইন, ২০২৩ এর প্রথম তফসিলের ৩য় অংশ","এই বিধিমালার ৫ম নিয়ম ৫ অনাবাসী আয় হইতে কর কর্তন"
06_tds_rules_simulation.json,04_sro_notification_simulation.json,sro_reference,"এসআরও নং ২৪১/২০২৪ এর ৩য় ধারা",sro_২৪১_২০২৪_section_৩,1.000,,,৩,,,২৪১/২০২৪,,"ংশ্লিষ্ট চুক্তিতে নির্ধারিত হার প্রযোজ্য হইবে এবং","য় বর্ণিত বিশেষ বিধান অনুসরণ করিতে হইবে। ৩ অনাবাসী"
06_tds_rules_simulation.json,04_sro_notification_simulation.json,sro_reference,"এসআরও নং ২৪১/২০২৪ এর ৩য় ধারা",sro_২৪১_২০২৪_section_৩,1.000,,,৩,,,২৪১/২০২৪,,"রথম তফসিলের ৩য় অংশ আয়কর আইন, ২০২৩ এর ২৮৬তম ধারা","এই বিধিমালার ৪র্থ নিয়ম ৬ সুদ প্রদান হইতে কর কর্ত"
06_tds_rules_simulation.json,04_sro_notification_simulation.json,sro_reference,"এসআরও নং ২৩৫/২০২৪ এর ৩য় ধারা",sro_২৩৫_২০২৪_section_৩,1.000,,,৩,,,২৩৫/২০২৪,,"ম্পূর্ণ অব্যাহতিপ্রাপ্ত। ২ রপ্তানি আয়ের ক্ষেত্রে","অনুযায়ী ১% হারে কর কর্তন এবং আয়কর আইন, ২০২৩ এর"
06_tds_rules_simulation.json,03_nbr_circular_simulation.json,circular_reference,"জাতীয় রাজস্ব বোর্ডের পরিপত্র নং ০৯/২০২৪",circular_০৯_২০২৪,0.900,,,,,,,০৯/২০২৪,"র্তন করিতে বাধ্য যেকোনো ব্যক্তি বা প্রতিষ্ঠান এবং","এ বর্ণিত অতিরিক্ত শর্তাবলী সাপেক্ষে। প্রাপক যাহার"
06_tds_rules_simulation.json,03_nbr_circular_simulation.json,circular_reference,"জাতীয় রাজস্ব বোর্ডের পরিপত্র নং ০৯/২০২৪",circular_০৯_২০২৪,0.900,,,,,,,০৯/২০২৪,"৫তম ধারা আয়কর আইন, ২০২৩ এর প্রথম তফসিলের ৩য় অংশ","এসআরও নং ২৪১/২০২৪ ৩ ঠিকাদারি কার্যক্রম হইতে কর কর"
06_tds_rules_simulation.json,03_nbr_circular_simulation.json,circular_reference,"জাতীয় রাজস্ব বোর্ডের পরিপত্র নং ০৯/২০২৪",circular_০৯_২০২৪,0.900,,,,,,,০৯/২০২৪,"ত্রে মোট প্রদানের ৭% হারে কর কর্তন করিতে হইবে এবং","এ বর্ণিত নির্দেশনা অনুসরণ করিতে হইবে। ২ বৃহৎ ঠিকা"
06_tds_rules_simulation.json,03_nbr_circular_simulation.json,circular_reference,"পরিপত্র নং ০৯/২০২৪",circular_০৯_২০২৪,0.900,,,,,,,০৯/২০২৪,"িচে একক প্রদান সরকারি প্রতিষ্ঠানের মধ্যকার লেনদেন","এ বর্ণিত বিশেষ অব্যাহতি আয়কর আইন, ২০২৩ এর ৮৫তম ধ"
06_tds_rules_simulation.json,03_nbr_circular_simulation.json,circular_reference,"জাতীয় রাজস্ব বোর্ডের পরিপত্র নং ০৯/২০২৪",circular_০৯_২০২৪,0.900,,,,,,,০৯/২০২৪,"্রথম তফসিলের ৩য় অংশ এসআরও নং ২৪১/২০২৪ এর ১ম ধারা","৪ পেশাদার সেবা হইতে কর কর্তন ৪। আয়কর আইন, ২০২৩ এ"
06_tds_rules_simulation.json,03_nbr_circular_simulation.json,circular_reference,"জাতীয় রাজস্ব বোর্ডের পরিপত্র নং ০৯/২০২৪",circular_০৯_২০২৪,0.900,,,,,,,০৯/২০২৪,"তী বছরের ৩১ জানুয়ারির মধ্যে দাখিল করিতে হইবে এবং","এ বর্ণিত নির্দেশনা অনুসরণ করিতে হইবে। সময়মতো কর"
06_tds_rules_simulation.json,03_nbr_circular_simulation.json,circular_reference,"জাতীয় রাজস্ব বোর্ডের পরিপত্র নং ০৯/২০২৪",circular_০৯_২০২৪,0.900,,,,,,,০৯/২০২৪,"ইন, ২০২৪ এর ৭ম ধারা আয়কর আইন, ২০২৩ এর ২৮৬তম ধারা","৮ রেকর্ড সংরক্ষণ ৮। আয়কর আইন, ২০২৩ এর ৮৫তম ধারা"
06_tds_rules_simulation.json,03_nbr_circular_simulation.json,circular_reference,"জাতীয় রাজস্ব বোর্ডের পরিপত্র নং ০৯/২০২৪",circular_০৯_২০২৪,0.900,,,,,,,০৯/২০২৪,"। ৩ বার্ষিক রিটার্নের কপি ও সংশ্লিষ্ট সহায়ক দলিল","অনুযায়ী সংরক্ষণ করিতে হইবে। কর কর্তন সনদের মূল ক"
06_tds_rules_simulation.json,03_nbr_circular_simulation.json,circular_reference,"জাতীয় রাজস্ব বোর্ডের পরিপত্র নং ০৯/২০২৪",circular_০৯_২০২৪,0.900,,,,,,,০৯/২০২৪,", ২০২৩ এর ৮৫তম ধারা আয়কর আইন, ২০২৩ এর ২৮৬তম ধারা","৯ বিশেষ ক্ষেত্র ও অব্যাহতি ৯। আয়কর আইন, ২০২৩ এর"
06_tds_rules_simulation.json,03_nbr_circular_simulation.json,circular_reference,"জাতীয় রাজস্ব বোর্ডের পরিপত্র নং ০৯/২০২৪",circular_০৯_২০২৪,0.900,,,,,,,০৯/২০২৪,"য় ধারা অনুযায়ী বিশেষ হার ও অব্যাহতি প্রযোজ্য। ৪","এ বর্ণিত অন্যান্য বিশেষ ক্ষেত্রে সংশ্লিষ্ট নির্দে"
06_tds_rules_simulation.json,03_nbr_circular_simulation.json,circular_reference,"জাতীয় রাজস্ব বোর্ডের পরিপত্র নং ০৯/২০২৪",circular_০৯_২০২৪,0.900,,,,,,,০৯/২০২৪,"সিলের ৩য় অংশ এসআরও নং ২৩৫/২০২৪ এসআরও নং ২৪১/২০২৪","১০ রহিতকরণ ও সংরক্ষণ ১০। এই বিধিমালা কার্যকর হওয়"
06_tds_rules_simulation.json,03_nbr_circular_simulation.json,circular_reference,"পরিপত্র নং ০৯/২০২৪",circular_০৯_২০২৪,0.900,,,,,,,০৯/২০২৪,"সিলের ৩য় অংশ এসআরও নং ২৩৫/২০২৪ এসআরও নং ২৪১/২০২৪","আয়কর আইন, ২০২৩ এর ২৮৬তম ধারা আয়কর আইন, ২০২৩ অর্"
06_tds_rules_simulation.json,03_nbr_circular_simulation.json,circular_reference,"জাতীয় রাজস্ব বোর্ডের পরিপত্র নং ০৯/২০২৪",circular_০৯_২০২৪,0.900,,,,,,,০৯/২০২৪,"২০২৩ এর ২৮৬তম ধারা আয়কর আইন, ২০২৩ অর্থ আইন, ২০২৪","এসআরও নং ২৩৫/২০২৪, ২৪১/২০২৪"
06_tds_rules_simulation.json,05_tax_schedules_simulation.json,schedule_reference,"প্রথম তফসিলে",schedule_1,0.600,,,,,,,,"ারা অনুযায়ী উৎসে কর কর্তন করা হয় এবং উক্ত আইনের","র ৩য় অংশে বর্ণিত হার অনুযায়ী কর্তিত হয়। কর্তনযো"
06_tds_rules_simulation.json,05_tax_schedules_simulation.json,schedule_reference,"প্রথম তফসিলে",schedule_1,0.600,,,,,,,,"র আইন, ২০২৩ এর ২য় ও ৮৫তম ধারা আয়কর আইন, ২০২৩ এর","র ৩য় অংশ জাতীয় রাজস্ব বোর্ডের পরিপত্র নং ০৯/২০২৪"
06_tds_rules_simulation.json,05_tax_schedules_simulation.json,schedule_reference,"প্রথম তফসিলে",schedule_1,0.600,,,,,,,,"ইন, ২০২৩ এর ৮৫তম ধারার উপ-ধারা (১) এবং উক্ত আইনের","র ৩য় অংশে বর্ণিত বিধান অনুযায়ী ঠিকাদারি কার্যক্র"
06_tds_rules_simulation.json,05_tax_schedules_simulation.json,schedule_reference,"প্রথম তফসিলে",schedule_1,0.600,,,,,,,,"% হারে কর কর্তন করিতে হইবে এবং আয়কর আইন, ২০২৩ এর","র ৩য় অংশে বর্ণিত অতিরিক্ত শর্তাবলী প্রযোজ্য হইবে।"
06_tds_rules_simulation.json,05_tax_schedules_simulation.json,schedule_reference,"প্রথম তফসিলে",schedule_1,0.600,,,,,,,,"যায়ী ৩০% হারে কর কর্তন করিতে হইবে এবং উক্ত আইনের","র ৩য় অংশে বর্ণিত DTAA এর বিধান প্রযোজ্য ক্ষেত্রে"
06_tds_rules_simulation.json,05_tax_schedules_simulation.json,schedule_reference,"প্রথম তফসিলে",schedule_1,0.600,,,,,,,,"ি আয়কর আইন, ২০২৩ এর ৮৫তম ধারা আয়কর আইন, ২০২৩ এর","র ৩য় অংশ এসআরও নং ২৪১/২০২৪ এর ১ম ধারা জাতীয় রাজস"
06_tds_rules_simulation.json,05_tax_schedules_simulation.json,schedule_reference,"প্রথম তফসিলে",schedule_1,0.600,,,,,,,,"% হারে কর কর্তন করিতে হইবে এবং আয়কর আইন, ২০২৩ এর","র ৩য় অংশে বর্ণিত সাধারণ বিধান প্রযোজ্য হইবে। ২ বি"
06_tds_rules_simulation.json,05_tax_schedules_simulation.json,schedule_reference,"প্রথম তফসিল",schedule_1,0.600,,,,,,,,"াকা ১২% ৬,০০০ টাকা ৪৪,০০০ টাকা আয়কর আইন, ২০২৩ এর","আয়কর আইন, ২০২৩ এর ৮৫তম ধারা অর্থ আইন, ২০২৪ এর ৭ম"
06_tds_rules_simulation.json,05_tax_schedules_simulation.json,schedule_reference,"প্রথম তফসিলে",schedule_1,0.600,,,,,,,,", ২০২৪ এর ৭ম ধারার উপ-ধারা (২) আয়কর আইন, ২০২৩ এর","র ৩য় অংশ এসআরও নং ২৪১/২০২৪ এর ২য় ধারা এই বিধিমাল"
06_tds_rules_simulation.json,05_tax_schedules_simulation.json,schedule_reference,"প্রথম তফসিলে",schedule_1,0.600,,,,,,,,"ইন, ২০২৩ এর ৮৫তম ধারার উপ-ধারা (৩) এবং উক্ত আইনের","র ৩য় অংশে বর্ণিত বিধান অনুযায়ী অনাবাসী ব্যক্তি ও"
06_tds_rules_simulation.json,05_tax_schedules_simulation.json,schedule_reference,"প্রথম তফসিলে",schedule_1,0.600,,,,,,,,"ের ক্ষেত্রে সাধারণ হার ৩০% এবং আয়কর আইন, ২০২৩ এর","র ৩য় অংশে বর্ণিত DTAA এর বিধান প্রযোজ্য ক্ষেত্রে"
06_tds_rules_simulation.json,05_tax_schedules_simulation.json,schedule_reference,"প্রথম তফসিলে",schedule_1,0.600,,,,,,,,"২০২৩ এর ৮৫তম ধারার উপ-ধারা (৩) আয়কর আইন, ২০২৩ এর","র ৩য় অংশ আয়কর আইন, ২০২৩ এর ২৮৬তম ধারা এসআরও নং ২"
06_tds_rules_simulation.json,05_tax_schedules_simulation.json,schedule_reference,"প্রথম তফসিলে",schedule_1,0.600,,,,,,,,"তন ৬। আয়কর আইন, ২০২৩ এর ৮৫তম ধারা এবং উক্ত আইনের","র ৩য় অংশে বর্ণিত বিধান অনুযায়ী সুদ প্রদানের ক্ষে"
06_tds_rules_simulation.json,05_tax_schedules_simulation.json,schedule_reference,"প্রথম তফসিলে",schedule_1,0.600,,,,,,,,"ক্ষেত্রে ১০% হার প্রযোজ্য এবং আয়কর আইন, ২০২৩ এর","র ৩য় অংশে বর্ণিত বিশেষ বিধান অনুসরণ করিতে হইবে। ৩"
06_tds_rules_simulation.json,05_tax_schedules_simulation.json,schedule_reference,"প্রথম তফসিলে",schedule_1,0.600,,,,,,,,"য়কর আইন, ২০২৩ এর ৫ম ও ৮ম ধারা আয়কর আইন, ২০২৩ এর","র ৩য় অংশ এই বিধিমালার ৫ম নিয়ম ৭ কর কর্তন ও জমাদা"
06_tds_rules_simulation.json,05_tax_schedules_simulation.json,schedule_reference,"প্রথম তফসিলে",schedule_1,0.600,,,,,,,,"অনুযায়ী ১% হারে কর কর্তন এবং আয়কর আইন, ২০২৩ এর","র ৩য় অংশে বর্ণিত বিশেষ সুবিধা প্রযোজ্য। ৩ তথ্য প্"
06_tds_rules_simulation.json,05_tax_schedules_simulation.json,schedule_reference,"প্রথম তফসিলে",schedule_1,0.600,,,,,,,,"৪ আয়কর আইন, ২০২৩ এর ৮৫তম ধারা আয়কর আইন, ২০২৩ এর","র ৩য় অংশ এসআরও নং ২৩৫/২০২৪ এসআরও নং ২৪১/২০২৪ জাতী"
06_tds_rules_simulation.json,05_tax_schedules_simulation.json,schedule_reference,"প্রথম তফসিল",schedule_1,0.600,,,,,,,,"অনুযায়ী ভিন্ন হার নিয়ম ৫ এবং আয়কর আইন, ২০২৩ এর","সুদ প্রদান ১০% ৩০% (অনাবাসীদের ক্ষেত্রে) নিয়ম ৬"
06_tds_rules_simulation.json,05_tax_schedules_simulation.json,schedule_reference,"প্রথম তফসিলে",schedule_1,0.600,,,,,,,,"ধারা অর্থ আইন, ২০২৪ এর ৭ম ধারা আয়কর আইন, ২০২৩ এর","র ৩য় অংশ এসআরও নং ২৩৫/২০২৪ এসআরও নং ২৪১/২০২৪ পরিপ"